Workbook

Sheet Trường hợp kiểm thử
D2: TEST CASE SYSTEM SPRINT 1
D4: Tên dự án | E4: Xây dựng hệ thống thương mại điện tử mỹ phẩm Hamoni cosmetic tích hợp Chatbox AI.
D5: STT | E5: Chức năng | F5: Sheet Name | G5: Số lượng test | H5: Mô tả
D6: 1 | E6: Quản lý kho | F6: Danh sách cập nhật tồn kho | G6: 38 | H6: Nữ
F7: Phiếu xuất kho | G7: 31
F8: Phiếu nhập kho | G8: 31
D9: 2 | E9: Quản lý khuyến mãi | F9: Danh sách mã khuyến mãi | G9: 25
F10: Thêm mã Khuyến mãi | G10: 35
F11: Cập nhật mã khuyến mãi | G11: 19
D12: 3 | E12: Quản lý voucher | F12: Danh sách và thêm voucher | G12: 31
F13: Cập nhật voucher | G13: 28
D14: 4 | E14: Quản lý đơn hàng | F14: Danh sách đơn hàng | G14: 26
F15: Chi tiết đơn hàng | G15: 28
F16: In hoá đơn | G16: 28
F17: Lịch sử đơn hàng | G17: 15
D18: 5 | E18: Quản lý đánh giá | F18: Danh sách đánh giá | G18: 39
F19: Chi tiết đánh giá | G19: 19
D20: 6 | E20: Quản lý chatbot | F20: Quản lý chatbot | G20: 20
D21: 7 | E21: Xem chi tiết đơn hàng | F21: Xem chi tiết đơn hàng | G21: 32
D22: 8 | E22: Xem lịch sử đơn hàng | F22: Xem lịch sử đơn hàng | G22: 24
D23: 9 | E23: Thống kê báo cáo | F23: Thống kê báo cáo | G23: 22
D24: 10 | E24: Đánh giá sản phẩm | F24: Đánh giá sản phẩm | G24: 15
G25: =SUM(G6:H24) -> 506

Sheet Danh sách cập nhật tồn kho
A1: Project Name | B1: XÂY DỰNG HỆ THỐNG THƯƠNG MẠI ĐIỆN TỬ MỸ PHẨM HAMONI COSMETIC VÀ CHATBOX AI TƯ VẤN KHÁCH HÀNG
A2: Module Code | B2: Danh sách cập nhật tồn kho
B3: Hoàn thành | C3: Lỗi | D3: Chưa kiểm tra | E3: Bị chăn | F3: Tổng số trường hợp thử nghiệm
A4: Round 1 | B4: 38 | C4: 0 | D4: =COUNTIF('Phiếu nhập kho'!G11:G21,"Untested") -> 0 | E4: =COUNTIF('Phiếu nhập kho'!G11:G21,"Blocked") -> 0 | F4: 38
A5: Round 2 | B5: 0 | C5: 0 | D5: =COUNTIF('Phiếu nhập kho'!J11:J21,"Untested") -> 0 | E5: =COUNTIF('Phiếu nhập kho'!J11:J21,"Blocked") -> 0 | F5: 0
A36: Test Case ID | B36: Mô tả | C36: Qui trình | D36: Điều kiện tiên quyết | E36: Kết quả mong đợi | F36: Kết quả thực tế | G36: Kết quả | J36: Kết quả | M36: Chú thích
G37: Vòng 1 | J37: Vòng 2
G38: Trạng thái | H38: Ngày kiểm tra | I38: Người kiểm tra | J38: Trạng thái | K38: Ngày kiểm tra | L38: Người kiểm tra
A39: GUI_SHOW Trang Danh sách cập nhật tồn kho
A40: GUI-DSCNTK01 | B40: [Title] TỰ ĐỘNG CẬP NHẬT TỒN KHO | E40: - Text: Black - Status: Enable | F40: - Text: Black - Status: Enable | G40: Passed | H40: 17/04/2026 | I40: Nữ
A41: GUI-DSCNTK02 | B41: [Button] Làm mới dữ liệu | E41: - Text: Black - Status: Enable | F41: - Text: Black - Status: Enable | G41: Passed | H41: 17/04/2026 | I41: Nữ
A42: GUI-DSCNTK03 | B42: [Card] Tổng sản phẩm | E42: - Text: Black - Status: Enable | F42: - Text: Black - Status: Enable | G42: Passed | H42: 17/04/2026 | I42: Nữ
A43: GUI-DSCNTK04 | B43: [Card] Sắp hết | E43: - Text: Black - Status: Enable | F43: - Text: Black - Status: Enable | G43: Passed | H43: 17/04/2026 | I43: Nữ
A44: GUI-DSCNTK05 | B44: [Card] Hết hàng | E44: - Text: Black - Status: Enable | F44: - Text: Black - Status: Enable | G44: Passed | H44: 17/04/2026 | I44: Nữ
A45: GUI-DSCNTK06 | B45: [Card] Cập nhật gần nhất | E45: - Text: Black - Status: Enable | F45: - Text: Black - Status: Enable | G45: Passed | H45: 17/04/2026 | I45: Nữ
A46: GUI-DSCNTK07 | B46: [Table] Bảng theo dõi tồn kho | E46: - Text: Black - Status: Enable | F46: - Text: Black - Status: Enable | G46: Passed | H46: 17/04/2026 | I46: Nữ
A47: GUI-DSCNTK08 | B47: [Column] Sản phẩm | E47: - Text: Black - Status: Enable | F47: - Text: Black - Status: Enable | G47: Passed | H47: 17/04/2026 | I47: Nữ
A48: GUI-DSCNTK09 | B48: [Column] Hiện có | E48: - Text: Black - Status: Enable | F48: - Text: Black - Status: Enable | G48: Passed | H48: 17/04/2026 | I48: Nữ
A49: GUI-DSCNTK10 | B49: [Column] Trạng thái | E49: - Text: Black - Status: Enable | F49: - Text: Black - Status: Enable | G49: Passed | H49: 17/04/2026 | I49: Nữ
A50: GUI-DSCNTK11 | B50: [Column] Biến động | E50: - Text: Black - Status: Enable | F50: - Text: Black - Status: Enable | G50: Passed | H50: 17/04/2026 | I50: Nữ
A51: GUI-DSCNTK12 | B51: [Column] Thời gian | E51: - Text: Black - Status: Enable | F51: - Text: Black - Status: Enable | G51: Passed | H51: 17/04/2026 | I51: Nữ
... A57: GUI-DSCNTK18 | B57: [Button] Nhập Kho | E57: - Text: Black - Status: Enable | F57: - Text: Black - Status: Enable | G57: Passed | H57: 17/04/2026 | I57: Nữ
A58: FUNCTION_SHOW Trang Danh sách cập nhật tồn kho
A59: FUNC-DSCNTK01 | B59: Kiểm tra hiển thị danh sách tồn kho | C59: 1. Mở trang tồn kho. 2. Quan sát danh sách sản phẩm. | D59: Đăng nhập vào hệ thống | E59: Hệ thống hiển thị đầy đủ dữ liệu | F59: Hệ thống hiển thị đầy đủ dữ liệu | G59: Passed | H59: 17/04/2026 | I59: Nữ
A60: FUNC-DSCNTK02 | B60: Kiểm tra tổng số sản phẩm | C60: 1. Mở dashboard tồn kho. 2. Kiểm tra card tổng sản phẩm. | D60: Đăng nhập vào hệ thống | E60: Hiển thị đúng sản phẩm | F60: Hiển thị đúng sản phẩm | G60: Passed | H60: 17/04/2026 | I60: Nữ
A61: FUNC-DSCNTK03 | B61: Kiểm tra trạng thái sắp hết | C61: 1. Set số lượng tồn từ 1-10. 2. Reload trang. | D61: Đăng nhập vào hệ thống | E61: Hiển thị đúng trạng thái | F61: Hiển thị đúng trạng thái | G61: Passed | H61: 17/04/2026 | I61: Nữ
A62: FUNC-DSCNTK04 | B62: Kiểm tra trạng thái hết hàng | C62: 1. Set tồn kho bằng 0. 2. Reload trang. | D62: Đăng nhập vào hệ thống | E62: Hiển thị đúng trạng thái | F62: Hiển thị đúng trạng thái | G62: Passed | H62: 17/04/2026 | I62: Nữ
A63: FUNC-DSCNTK05 | B63: Kiểm tra cập nhật thời gian realtime | C63: 1. Reload dữ liệu. 2. Quan sát thời gian cập nhật. | D63: Đăng nhập vào hệ thống | E63: Thời gian được cập nhật mới | F63: Thời gian được cập nhật mới | G63: Passed | H63: 17/04/2026 | I63: Nữ
A64: FUNC-DSCNTK06 | B64: Kiểm tra nút “Làm mới dữ liệu” | C64: 1. Click button “Làm mới dữ liệu”. 2. Quan sát dữ liệu sau refresh. | D64: Đăng nhập vào hệ thống | E64: Dữ liệu refresh thành công | F64: Dữ liệu refresh thành công | G64: Passed | H64: 17/04/2026 | I64: Nữ
A65: FUNC-DSCNTK07 | B65: Kiểm tra hiển thị số lượng tồn | C65: 1. Load danh sách sản phẩm. 2. So sánh số lượng với DB. | D65: Đăng nhập vào hệ thống | E65: Hiển thị đúng dữ liệu | F65: Hiển thị đúng dữ liệu | G65: Passed | H65: 17/04/2026 | I65: Nữ
A66: FUNC-DSCNTK08 | B66: Kiểm tra trạng thái “Sẵn sàng” | C66: 1. Set tồn kho > 10. 2. Reload trang. | D66: Đăng nhập vào hệ thống | E66: Hiển thị đúng badge màu xanh | F66: Hiển thị đúng badge màu xanh | G66: Passed | H66: 17/04/2026 | I66: Nữ
A67: FUNC-DSCNTK09 | B67: Kiểm tra phân trang | C67: 1. Click sang trang 2. 2. Click quay lại trang 1. | D67: Đăng nhập vào hệ thống | E67: Chuyển trang thành công | F67: Chuyển trang thành công | G67: Passed | H67: 17/04/2026 | I67: Nữ
A68: FUNC-DSCNTK10 | B68: Kiểm tra tìm kiếm nhật ký | C68: 1. Nhập từ khóa sản phẩm. 2. Click tìm kiếm. | D68: Đăng nhập vào hệ thống | E68: Kết quả hiển thị chính xác | F68: Kết quả hiển thị chính xác | G68: Passed | H68: 17/04/2026 | I68: Nữ
A69: FUNC-DSCNTK11 | B69: Kiểm tra log nhập kho | C69: 1. Thực hiện nhập kho. 2. Kiểm tra nhật ký tự động. | D69: Đăng nhập vào hệ thống | E69: Log hiển thị đúng thông tin | F69: Log hiển thị đúng thông tin | G69: Passed | H69: 17/04/2026 | I69: Nữ
A70: FUNC-DSCNTK12 | B70: Kiểm tra log xuất kho | C70: 1. Thực hiện xuất kho. 2. Kiểm tra nhật ký tự động. | D70: Đăng nhập vào hệ thống | E70: Log hiển thị đúng thông tin | F70: Log hiển thị đúng thông tin | G70: Passed | H70: 17/04/2026 | I70: Nữ
... A78: FUNC-DSCNTK20 | B78: Kiểm tra realtime nhiều user | C78: 1. User A nhập kho. 2. User B reload dữ liệu. | D78: Đăng nhập vào hệ thống | E78: Dữ liệu cập nhật đúng realtime | F78: Dữ liệu cập nhật đúng realtime | G78: Passed | H78: 17/04/2026 | I78: Nữ

Sheet Phiếu xuất kho
A1: Project Name | B1: XÂY DỰNG HỆ THỐNG THƯƠNG MẠI ĐIỆN TỬ MỸ PHẨM HAMONI COSMETIC VÀ CHATBOX AI TƯ VẤN KHÁCH HÀNG
A2: Module Code | B2: Phiếu xuất kho
B3: Hoàn thành | C3: Lỗi | D3: Chưa kiểm tra | E3: Bị chăn | F3: Tổng số trường hợp thử nghiệm
A4: Round 1 | B4: 31 | C4: 0 | D4: =COUNTIF('Phiếu nhập kho'!G11:G21,"Untested") -> 0 | E4: =COUNTIF('Phiếu nhập kho'!G11:G21,"Blocked") -> 0 | F4: 31
A5: Round 2 | B5: 0 | C5: 0 | D5: =COUNTIF('Phiếu nhập kho'!J11:J21,"Untested") -> 0 | E5: =COUNTIF('Phiếu nhập kho'!J11:J21,"Blocked") -> 0 | F5: 0
A35: Test Case ID | B35: Mô tả | C35: Qui trình | D35: Điều kiện tiên quyết | E35: Kết quả mong đợi | F35: Kết quả thực tế | G35: Kết quả | J35: Kết quả | M35: Chú thích
G36: Vòng 1 | J36: Vòng 2
G37: Trạng thái | H37: Ngày kiểm tra | I37: Người kiểm tra | J37: Trạng thái | K37: Ngày kiểm tra | L37: Người kiểm tra
A38: GUI_SHOW Trang Phiếu xuất kho
A39: GUI-PXK01 | B39: [Title] XUẤT KHO | E39: - Text: Black - Status: Enable | F39: - Text: Black - Status: Enable | G39: Passed | H39: 17/04/2026 | I39: Nữ
A40: GUI-PXK02 | B40: [Dropdown] Loại nghiệp vụ | E40: - Text: Black - Status: Enable | F40: - Text: Black - Status: Enable | G40: Passed | H40: 17/04/2026 | I40: Nữ
A41: GUI-PXK03 | B41: [Placeholder] -- Loại xuất -- | E41: - Text: Black - Status: Enable | F41: - Text: Black - Status: Enable | G41: Passed | H41: 17/04/2026 | I41: Nữ
A42: GUI-PXK04 | B42: [Textarea] Ghi chú | E42: - Text: Black - Status: Enable | F42: - Text: Black - Status: Enable | G42: Passed | H42: 17/04/2026 | I42: Nữ
A43: GUI-PXK05 | B43: [Section] Danh sách sản phẩm | E43: - Text: Black - Status: Enable | F43: - Text: Black - Status: Enable | G43: Passed | H43: 17/04/2026 | I43: Nữ
A44: GUI-PXK06 | B44: Column] Sản phẩm | E44: - Text: Black - Status: Enable | F44: - Text: Black - Status: Enable | G44: Passed | H44: 17/04/2026 | I44: Nữ
A45: GUI-PXK07 | B45: [Column] Số lượng | E45: - Text: Black - Status: Enable | F45: - Text: Black - Status: Enable | G45: Passed | H45: 17/04/2026 | I45: Nữ
A46: GUI-PXK08 | B46: [Column] Tồn kho | E46: - Text: Black - Status: Enable | F46: - Text: Black - Status: Enable | G46: Passed | H46: 17/04/2026 | I46: Nữ
A47: GUI-PXK09 | B47: [Input] Tìm sản phẩm | E47: - Text: Black - Status: Enable | F47: - Text: Black - Status: Enable | G47: Passed | H47: 17/04/2026 | I47: Nữ
A48: GUI-PXK10 | B48: [Input] Số lượng xuất | E48: - Text: Black - Status: Enable | F48: - Text: Black - Status: Enable | G48: Passed | H48: 17/04/2026 | I48: Nữ
A49: GUI-PXK11 | B49: [Button] Xóa sản phẩm | E49: - Text: Black - Status: Enable | F49: - Text: Black - Status: Enable | G49: Passed | H49: 17/04/2026 | I49: Nữ
A50: GUI-PXK12 | B50: [Button] + Thêm sản phẩm | E50: - Text: Black - Status: Enable | F50: - Text: Black - Status: Enable | G50: Passed | H50: 17/04/2026 | I50: Nữ
A51: GUI-PXK13 | B51: [Button] Xác nhận | E51: - Text: Black - Status: Enable | F51: - Text: Black - Status: Enable | G51: Passed | H51: 17/04/2026 | I51: Nữ
A52: FUNCTION_SHOW Trang Phiếu xuất kho
A53: FUNC-PXK01 | B53: Kiểm tra hiển thị form xuất kho | C53: 1. Mở trang xuất kho. 2. Quan sát giao diện form. | D53: Đăng nhập vào hệ thống | E53: Hệ thống hiển thị đầy đủ form xuất kho | F53: Hệ thống hiển thị đầy đủ form xuất kho | G53: Passed | H53: 17/04/2026 | I53: Nữ
A54: FUNC-PXK02 | B54: Kiểm tra dropdown loại nghiệp vụ | C54: 1. Click dropdown loại xuất. 2. Quan sát danh sách lựa chọn. | D54: Đăng nhập vào hệ thống | E54: Hiển thị đúng dữ liệu | F54: Hiển thị đúng dữ liệu | G54: Passed | H54: 17/04/2026 | I54: Nữ
A55: FUNC-PXK03 | B55: Kiểm tra validate bắt buộc loại xuất | C55: 1. Không chọn loại xuất. 2. Click “Xác nhận”. | D55: Đăng nhập vào hệ thống | E55: Hệ thống hiển thị cảnh báo bắt buộc chọn | F55: Hệ thống hiển thị cảnh báo bắt buộc chọn | G55: Passed | H55: 17/04/2026 | I55: Nữ
A56: FUNC-PXK04 | B56: Kiểm tra nhập ghi chú | C56: 1. Nhập nội dung ghi chú. 2. Click ra ngoài textarea. | D56: Đăng nhập vào hệ thống | E56: Hệ thống lưu đúng nội dung nhập | F56: Hệ thống lưu đúng nội dung nhập | G56: Passed | H56: 17/04/2026 | I56: Nữ
A57: FUNC-PXK05 | B57: Kiểm tra tìm kiếm sản phẩm | C57: 1. Nhập tên sản phẩm. 2. Quan sát kết quả gợi ý. | D57: Đăng nhập vào hệ thống | E57: Hiển thị đúng sản phẩm liên quan | F57: Hiển thị đúng sản phẩm liên quan | G57: Passed | H57: 17/04/2026 | I57: Nữ
A58: FUNC-PXK06 | B58: Kiểm tra thêm sản phẩm | C58: 1. Click “+ Thêm sản phẩm”. 2. Quan sát dòng sản phẩm mới. | D58: Đăng nhập vào hệ thống | E58: Hệ thống thêm dòng nhập sản phẩm mới | F58: Hệ thống thêm dòng nhập sản phẩm mới | G58: Passed | H58: 17/04/2026 | I58: Nữ
A59: FUNC-PXK07 | B59: Kiểm tra xóa sản phẩm | C59: 1. Click nút “X”. 2. Quan sát danh sách sản phẩm. | D59: Đăng nhập vào hệ thống | E59: Dòng sản phẩm được xóa khỏi danh sách | F59: Dòng sản phẩm được xóa khỏi danh sách | G59: Passed | H59: 17/04/2026 | I59: Nữ
A60: FUNC-PXK08 | B60: Kiểm tra nhập số lượng xuất | C60: 1. Nhập số lượng sản phẩm. 2. Click ra ngoài input. | D60: Đăng nhập vào hệ thống | E60: Hệ thống nhận đúng giá trị số lượng | F60: Hệ thống nhận đúng giá trị số lượng | G60: Passed | H60: 17/04/2026 | I60: Nữ
A61: FUNC-PXK09 | B61: Kiểm tra validate số lượng âm | C61: 1. Nhập số lượng âm. 2. Click “Xác nhận”. | D61: Đăng nhập vào hệ thống | E61: Không cho phép nhập số âm | F61: Không cho phép nhập số âm | G61: Passed | H61: 17/04/2026 | I61: Nữ
A62: FUNC-PXK10 | B62: Kiểm tra xuất vượt tồn kho | C62: 1. Nhập số lượng lớn hơn tồn kho. 2. Click “Xác nhận”. | D62: Đăng nhập vào hệ thống | E62: Hệ thống chặn xuất vượt tồn | F62: Hệ thống chặn xuất vượt tồn | G62: Passed | H62: 17/04/2026 | I62: Nữ
A63: FUNC-PXK11 | B63: Kiểm tra hiển thị tồn kho | C63: 1. Chọn sản phẩm. 2. Quan sát cột tồn kho. | D63: Đăng nhập vào hệ thống | E63: Hiển thị đúng số lượng tồn kho | F63: Hiển thị đúng số lượng tồn kho | G63: Passed | H63: 17/04/2026 | I63: Nữ
A64: FUNC-PXK12 | B64: Kiểm tra xác nhận xuất kho | C64: 1. Nhập đầy đủ thông tin. 2. Click “Xác nhận”. | D64: Đăng nhập vào hệ thống | E64: Hệ thống tạo phiếu xuất kho thành công | F64: Hệ thống tạo phiếu xuất kho thành công | G64: Passed | H64: 17/04/2026 | I64: Nữ
... A70: FUNC-PXK18 | B70: Kiểm tra load lại trang | C70: 1. Reload trình duyệt. 2. Quan sát dữ liệu form. | D70: Đăng nhập vào hệ thống | E70: Form được reset dữ liệu | F70: Form được reset dữ liệu | G70: Passed | H70: 17/04/2026 | I70: Nữ

Sheet Phiếu nhập kho
A1: Project Name | B1: XÂY DỰNG HỆ THỐNG THƯƠNG MẠI ĐIỆN TỬ MỸ PHẨM HAMONI COSMETIC VÀ CHATBOX AI TƯ VẤN KHÁCH HÀNG
A2: Module Code | B2: Phiếu nhập kho
B3: Hoàn thành | C3: Lỗi | D3: Chưa kiểm tra | E3: Bị chăn | F3: Tổng số trường hợp thử nghiệm
A4: Round 1 | B4: 31 | C4: 0 | D4: =COUNTIF('Phiếu nhập kho'!G11:G21,"Untested") -> 0 | E4: =COUNTIF('Phiếu nhập kho'!G11:G21,"Blocked") -> 0 | F4: 31
A5: Round 2 | B5: 0 | C5: 0 | D5: =COUNTIF('Phiếu nhập kho'!J11:J21,"Untested") -> 0 | E5: =COUNTIF('Phiếu nhập kho'!J11:J21,"Blocked") -> 0 | F5: 0
A29: Test Case ID | B29: Mô tả | C29: Qui trình | D29: Điều kiện tiên quyết | E29: Kết quả mong đợi | F29: Kết quả thực tế | G29: Kết quả | J29: Kết quả | M29: Chú thích
G30: Vòng 1 | J30: Vòng 2
G31: Trạng thái | H31: Ngày kiểm tra | I31: Người kiểm tra | J31: Trạng thái | K31: Ngày kiểm tra | L31: Người kiểm tra
A32: GUI_SHOW Trang Phiếu nhập kho
A33: GUI-PNK01 | B33: [Title] NHẬP KHO | E33: - Text: Black - Status: Enable | F33: - Text: Black - Status: Enable | G33: Passed | H33: 17/04/2026 | I33: Nữ
A34: GUI-PNK02 | B34: [Dropdown] Loại nghiệp vụ | E34: - Text: Black - Status: Enable | F34: - Text: Black - Status: Enable | G34: Passed | H34: 17/04/2026 | I34: Nữ
A35: GUI-PNK03 | B35: [Placeholder] -- Loại nhập -- | E35: - Text: Black - Status: Enable | F35: - Text: Black - Status: Enable | G35: Passed | H35: 17/04/2026 | I35: Nữ
A36: GUI-PNK04 | B36: [Textarea] Ghi chú | E36: - Text: Black - Status: Enable | F36: - Text: Black - Status: Enable | G36: Passed | H36: 17/04/2026 | I36: Nữ
A37: GUI-PNK05 | B37: [Section] Danh sách sản phẩm | E37: - Text: Black - Status: Enable | F37: - Text: Black - Status: Enable | G37: Passed | H37: 17/04/2026 | I37: Nữ
A38: GUI-PNK06 | B38: Column] Sản phẩm | E38: - Text: Black - Status: Enable | F38: - Text: Black - Status: Enable | G38: Passed | H38: 17/04/2026 | I38: Nữ
A39: GUI-PNK07 | B39: [Column] Số lượng | E39: - Text: Black - Status: Enable | F39: - Text: Black - Status: Enable | G39: Passed | H39: 17/04/2026 | I39: Nữ
A40: GUI-PNK08 | B40: [Column] Tồn kho | E40: - Text: Black - Status: Enable | F40: - Text: Black - Status: Enable | G40: Passed | H40: 17/04/2026 | I40: Nữ
A41: GUI-PNK09 | B41: [Input] Tìm sản phẩm | E41: - Text: Black - Status: Enable | F41: - Text: Black - Status: Enable | G41: Passed | H41: 17/04/2026 | I41: Nữ
A42: GUI-PNK10 | B42: [Input] Số lượng nhập | E42: - Text: Black - Status: Enable | F42: - Text: Black - Status: Enable | G42: Passed | H42: 17/04/2026 | I42: Nữ
A43: GUI-PNK11 | B43: [Button] Xóa sản phẩm | E43: - Text: Black - Status: Enable | F43: - Text: Black - Status: Enable | G43: Passed | H43: 17/04/2026 | I43: Nữ
A44: GUI-PNK12 | B44: [Button] + Thêm sản phẩm | E44: - Text: Black - Status: Enable | F44: - Text: Black - Status: Enable | G44: Passed | H44: 17/04/2026 | I44: Nữ
... A46: GUI-PNK14 | B46: [Button] Xác nhận | E46: - Text: Black - Status: Enable | F46: - Text: Black - Status: Enable | G46: Passed | H46: 17/04/2026 | I46: Nữ
A47: FUNCTION_SHOW Trang Phiếu nhập kho
A48: FUNC-PNK01 | B48: Kiểm tra hiển thị form nhập kho | C48: 1. Mở trang nhậpt kho. 2. Quan sát giao diện form. | D48: Đăng nhập vào hệ thống | E48: Hệ thống hiển thị đầy đủ form nhập kho | F48: Hệ thống hiển thị đầy đủ form nhập kho | G48: Passed | H48: 17/04/2026 | I48: Nữ
A49: FUNC-PNK02 | B49: Kiểm tra dropdown loại nghiệp vụ | C49: 1. Click dropdown loại xuất. 2. Quan sát danh sách lựa chọn. | D49: Đăng nhập vào hệ thống | E49: Hiển thị đúng dữ liệu | F49: Hiển thị đúng dữ liệu | G49: Passed | H49: 17/04/2026 | I49: Nữ
A50: FUNC-PNK03 | B50: Kiểm tra validate bắt buộc loại nhập | C50: 1. Không chọn loại nhập. 2. Click “Xác nhận”. | D50: Đăng nhập vào hệ thống | E50: Hệ thống hiển thị cảnh báo bắt buộc chọn | F50: Hệ thống hiển thị cảnh báo bắt buộc chọn | G50: Passed | H50: 17/04/2026 | I50: Nữ
A51: FUNC-PNK04 | B51: Kiểm tra nhập ghi chú | C51: 1. Nhập nội dung ghi chú. 2. Click ra ngoài textarea. | D51: Đăng nhập vào hệ thống | E51: Hệ thống lưu đúng nội dung nhập | F51: Hệ thống lưu đúng nội dung nhập | G51: Passed | H51: 17/04/2026 | I51: Nữ
A52: FUNC-PNK05 | B52: Kiểm tra tìm kiếm sản phẩm | C52: 1. Nhập tên sản phẩm. 2. Quan sát kết quả gợi ý. | D52: Đăng nhập vào hệ thống | E52: Hiển thị đúng sản phẩm liên quan | F52: Hiển thị đúng sản phẩm liên quan | G52: Passed | H52: 17/04/2026 | I52: Nữ
A53: FUNC-PNK06 | B53: Kiểm tra thêm sản phẩm | C53: 1. Click “+ Thêm sản phẩm”. 2. Quan sát dòng sản phẩm mới. | D53: Đăng nhập vào hệ thống | E53: Hệ thống thêm dòng nhập sản phẩm mới | F53: Hệ thống thêm dòng nhập sản phẩm mới | G53: Passed | H53: 17/04/2026 | I53: Nữ
A54: FUNC-PNK07 | B54: Kiểm tra xóa sản phẩm | C54: 1. Click nút “X”. 2. Quan sát danh sách sản phẩm. | D54: Đăng nhập vào hệ thống | E54: Dòng sản phẩm được xóa khỏi danh sách | F54: Dòng sản phẩm được xóa khỏi danh sách | G54: Passed | H54: 17/04/2026 | I54: Nữ
A55: FUNC-PNK08 | B55: Kiểm tra nhập số lượng nhập | C55: 1. Nhập số lượng sản phẩm. 2. Click ra ngoài input. | D55: Đăng nhập vào hệ thống | E55: Hệ thống nhận đúng giá trị số lượng | F55: Hệ thống nhận đúng giá trị số lượng | G55: Passed | H55: 17/04/2026 | I55: Nữ
A56: FUNC-PNK09 | B56: Kiểm tra validate số lượng âm | C56: 1. Nhập số lượng âm. 2. Click “Xác nhận”. | D56: Đăng nhập vào hệ thống | E56: Không cho phép nhập số âm | F56: Không cho phép nhập số âm | G56: Passed | H56: 17/04/2026 | I56: Nữ
A57: FUNC-PNK10 | B57: Kiểm tra hiển thị tồn kho | C57: 1. Chọn sản phẩm. 2. Quan sát cột tồn kho. | D57: Đăng nhập vào hệ thống | E57: Hiển thị đúng số lượng tồn kho | F57: Hiển thị đúng số lượng tồn kho | G57: Passed | H57: 17/04/2026 | I57: Nữ
A58: FUNC-PNK11 | B58: Kiểm tra xác nhận nhập kho | C58: 1. Nhập đầy đủ thông tin. 2. Click “Xác nhận”. | D58: Đăng nhập vào hệ thống | E58: Hệ thống tạo phiếu nhập kho thành công | F58: Hệ thống tạo phiếu nhập kho thành công | G58: Passed | H58: 17/04/2026 | I58: Nữ
A59: FUNC-PNK12 | B59: Kiểm tra dữ liệu rỗng | C59: 1. Không nhập dữ liệu. 2. Click “Xác nhận”. | D59: Đăng nhập vào hệ thống | E59: Hiển thị thông báo bắt buộc nhập dữ liệu | F59: Hiển thị thông báo bắt buộc nhập dữ liệu | G59: Passed | H59: 17/04/2026 | I59: Nữ
... A64: FUNC-PNK17 | B64: Kiểm tra load lại trang | C64: 1. Reload trình duyệt. 2. Quan sát dữ liệu form. | D64: Đăng nhập vào hệ thống | E64: Form được reset dữ liệu | F64: Form được reset dữ liệu | G64: Passed | H64: 17/04/2026 | I64: Nữ

Sheet Danh sách mã khuyến mãi
A1: Project Name | B1: XÂY DỰNG HỆ THỐNG THƯƠNG MẠI ĐIỆN TỬ MỸ PHẨM HAMONI COSMETIC VÀ CHATBOX AI TƯ VẤN KHÁCH HÀNG
A2: Module Code | B2: Danh sách mã khuyến mãi
B3: Hoàn thành | C3: Lỗi | D3: Chưa kiểm tra | E3: Bị chăn | F3: Tổng số trường hợp thử nghiệm
A4: Round 1 | B4: 24 | C4: 1 | D4: =COUNTIF('Phiếu nhập kho'!G11:G21,"Untested") -> 0 | E4: =COUNTIF('Phiếu nhập kho'!G11:G21,"Blocked") -> 0 | F4: 25
A5: Round 2 | B5: 25 | C5: 0 | D5: =COUNTIF('Phiếu nhập kho'!J11:J21,"Untested") -> 0 | E5: =COUNTIF('Phiếu nhập kho'!J11:J21,"Blocked") -> 0 | F5: 25
A25: Test Case ID | B25: Mô tả | C25: Qui trình | D25: Điều kiện tiên quyết | E25: Kết quả mong đợi | F25: Kết quả thực tế | G25: Kết quả | J25: Kết quả | M25: Chú thích
G26: Vòng 1 | J26: Vòng 2
G27: Trạng thái | H27: Ngày kiểm tra | I27: Người kiểm tra | J27: Trạng thái | K27: Ngày kiểm tra | L27: Người kiểm tra
A28: GUI_SHOW Trang danh sách mã khuyến mãi
A29: GUI-DSMKM01 | B29: [Title] QUẢN LÝ CHƯƠNG TRÌNH SALE | E29: - Text: Black - Status: Enable | F29: - Text: Black - Status: Enable | G29: Passed | H29: 17/04/2026 | I29: Nữ
A30: GUI-DSMKM02 | B30: [Button] Tạo khuyến mãi mới | E30: - Text: Black - Status: Enable | F30: - Text: Black - Status: Enable | G30: Passed | H30: 17/04/2026 | I30: Nữ
A31: GUI-DSMKM03 | B31: [Table] Danh sách chương trình | E31: - Text: Black - Status: Enable | F31: - Text: Black - Status: Enable | G31: Passed | H31: 17/04/2026 | I31: Nữ
A32: GUI-DSMKM04 | B32: [Column] Tên chương trình | E32: - Text: Black - Status: Enable | F32: - Text: Black - Status: Enable | G32: Passed | H32: 17/04/2026 | I32: Nữ
A33: GUI-DSMKM05 | B33: [Column] Mức giảm | E33: - Text: Black - Status: Enable | F33: - Text: Black - Status: Enable | G33: Passed | H33: 17/04/2026 | I33: Nữ
A34: GUI-DSMKM06 | B34: [Column] Thời gian | E34: - Text: Black - Status: Enable | F34: - Text: Black - Status: Enable | G34: Passed | H34: 17/04/2026 | I34: Nữ
A35: GUI-DSMKM07 | B35: [Column] Trạng thái | E35: - Text: Black - Status: Enable | F35: - Text: Black - Status: Enable | G35: Passed | H35: 17/04/2026 | I35: Nữ
A36: GUI-DSMKM08 | B36: [Status] Chưa diễn ra | E36: - Text: Black - Status: Enable | F36: - Text: Black - Status: Enable | G36: Passed | H36: 17/04/2026 | I36: Nữ
A37: GUI-DSMKM09 | B37: [Status] Đang hoạt động | E37: - Text: Black - Status: Enable | F37: - Text: Black - Status: Enable | G37: Passed | H37: 17/04/2026 | I37: Nữ
A38: GUI-DSMKM10 | B38: [Status] Đã hết hạn | E38: - Text: Black - Status: Enable | F38: - Text: Black - Status: Enable | G38: Passed | H38: 17/04/2026 | I38: Nữ
A39: GUI-DSMKM11 | B39: [Sort icon] Trạng thái | E39: - Text: Black - Status: Enable | F39: - Text: Black - Status: Enable | G39: Passed | H39: 17/04/2026 | I39: Nữ
A40: FUNCTION_SHOW Trang danh sách mã khuyến mãi
A41: FUNC-DSMKM01 | B41: Kiểm tra hiển thị danh sách | C41: 1. Mở trang sale | D41: Đăng nhập vào hệ thống | E41: Hệ thống hiển thị danh sách chương trình từ DB | F41: Hệ thống hiển thị danh sách chương trình từ DB | G41: Passed | H41: 17/04/2026 | I41: Nữ
A42: FUNC-DSMKM02 | B42: Kiểm tra trạng thái "Chưa diễn ra" | C42: 1. So sánh thời gian hiện tại < start date | D42: Đăng nhập vào hệ thống | E42: Hiển thị trạng thái "Chưa diễn ra" | F42: Hiển thị trạng thái "Chưa diễn ra" | G42: Passed | H42: 17/04/2026 | I42: Nữ
A43: FUNC-DSMKM03 | B43: Kiểm tra trạng thái "Đang hoạt động" | C43: 1. So sánh start <= current <= end | D43: Đăng nhập vào hệ thống | E43: Hiển thị "Đang hoạt động" | F43: Hiển thị "Đang hoạt động" | G43: Passed | H43: 17/04/2026 | I43: Nữ
A44: FUNC-DSMKM04 | B44: Kiểm tra trạng thái "Đã hết hạn" | C44: 1. So sánh current > end | D44: Đăng nhập vào hệ thống | E44: Hiển thị "Đã hết hạn" | F44: Hiển thị "Đã hết hạn" | G44: Passed | H44: 17/04/2026 | I44: Nữ
A45: FUNC-DSMKM05 | B45: Kiểm tra format mức giảm % | C45: 1. Tạo data giảm % | D45: Đăng nhập vào hệ thống | E45: Hiển thị dạng "-10%" | F45: Hiển thị dạng "-10%" | G45: Passed | H45: 17/04/2026 | I45: Nữ
A46: FUNC-DSMKM06 | B46: Kiểm tra format mức giảm tiền | C46: 1. Tạo data giảm tiền | D46: Đăng nhập vào hệ thống | E46: Hiển thị "-10,000đ" | F46: Hiển thị "-10,000đ" | G46: Passed | H46: 17/04/2026 | I46: Nữ
A47: FUNC-DSMKM07 | B47: Kiểm tra thời gian hiển thị | C47: 1. Load dữ liệu | D47: Đăng nhập vào hệ thống | E47: Hiển thị đúng format datetime | F47: Hiển thị đúng format datetime | G47: Passed | H47: 17/04/2026 | I47: Nữ
A48: FUNC-DSMKM08 | B48: Kiểm tra sort trạng thái | C48: 1. Click icon sort | D48: Đăng nhập vào hệ thống | E48: Danh sách được sắp xếp theo trạng thái | F48: Danh sách được sắp xếp theo trạng thái | G48: Passed | H48: 17/04/2026 | I48: Nữ
A49: FUNC-DSMKM09 | B49: Kiểm tra click "Tạo khuyến mãi" | C49: 1. Click button | D49: Đăng nhập vào hệ thống | E49: Điều hướng sang form tạo mới | F49: Điều hướng sang form tạo mới | G49: Passed | H49: 17/04/2026 | I49: Nữ
A50: FUNC-DSMKM10 | B50: Kiểm tra dữ liệu trùng tên | C50: 1. Có 2 chương trình cùng tên | D50: Đăng nhập vào hệ thống | E50: Hệ thống vẫn hiển thị bình thường | F50: Hệ thống vẫn hiển thị bình thường | G50: Passed | H50: 17/04/2026 | I50: Nữ
A51: FUNC-DSMKM11 | B51: Kiểm tra khoảng thời gian lỗi | C51: 1. Thời gian bắt đầu > thời gian kết thúc | D51: Đăng nhập vào hệ thống | E51: Không cho hiển thị hoặc báo lỗi | F51: ❌ Vẫn hiển thị | G51: Failed | H51: 17/04/2026 | I51: Nữ | J51: Passed | K51: 18/04/2026 | L51: Nữ
A52: FUNC-DSMKM12 | B52: Kiểm tra timezone | C52: 1. Set giờ khác timezone | D52: Đăng nhập vào hệ thống | E52: Trạng thái vẫn đúng logic | F52: Trạng thái vẫn đúng logic | G52: Passed | H52: 17/04/2026 | I52: Nữ
A53: FUNC-DSMKM13 | B53: Kiểm tra dữ liệu rỗng | C53: 1. Không có chương trình | D53: Đăng nhập vào hệ thống | E53: Hiển thị "Không có dữ liệu" | F53: Hiển thị "Không có dữ liệu" | G53: Passed | H53: 17/04/2026 | I53: Nữ
A54: FUNC-DSMKM14 | B54: Kiểm tra refresh data | C54: 1. Reload trang | D54: Đăng nhập vào hệ thống | E54: Dữ liệu cập nhật mới | F54: Dữ liệu cập nhật mới | G54: Passed | H54: 17/04/2026 | I54: Nữ

Sheet Thêm mã khuyến mãi
A1: Project Name | B1: XÂY DỰNG HỆ THỐNG THƯƠNG MẠI ĐIỆN TỬ MỸ PHẨM HAMONI COSMETIC VÀ CHATBOX AI TƯ VẤN KHÁCH HÀNG
A2: Module Code | B2: Thêm mã khuyến mãi
B3: Hoàn thành | C3: Lỗi | D3: Chưa kiểm tra | E3: Bị chăn | F3: Tổng số trường hợp thử nghiệm
A4: Round 1 | B4: 31 | C4: 4 | D4: =COUNTIF('Phiếu nhập kho'!G11:G21,"Untested") -> 0 | E4: =COUNTIF('Phiếu nhập kho'!G11:G21,"Blocked") -> 0 | F4: 35
A5: Round 2 | B5: 31 | C5: 0 | D5: =COUNTIF('Phiếu nhập kho'!J11:J21,"Untested") -> 0 | E5: =COUNTIF('Phiếu nhập kho'!J11:J21,"Blocked") -> 0 | F5: 35
A32: Test Case ID | B32: Mô tả | C32: Qui trình | D32: Điều kiện tiên quyết | E32: Kết quả mong đợi | F32: Kết quả thực tế | G32: Kết quả | J32: Kết quả | M32: Chú thích
G33: Vòng 1 | J33: Vòng 2
G34: Trạng thái | H34: Ngày kiểm tra | I34: Người kiểm tra | J34: Trạng thái | K34: Ngày kiểm tra | L34: Người kiểm tra
A35: GUI_SHOW Trang Thêm mã khuyến mãi
A36: GUI-TMKM01 | B36: [Title] TẠO CHƯƠNG TRÌNH SALE MỚI | E36: - Text: Black - Status: Enable | F36: - Text: Black - Status: Enable | G36: Passed | H36: 18/04/2026 | I36: Nữ
A37: GUI-TMKM02 | B37: [Input] Tên chương trình | E37: - Text: Black - Status: Enable | F37: - Text: Black - Status: Enable | G37: Passed | H37: 18/04/2026 | I37: Nữ
A38: GUI-TMKM03 | B38: [Dropdown] Loại giảm giá | E38: - Text: Black - Status: Enable | F38: - Text: Black - Status: Enable | G38: Passed | H38: 18/04/2026 | I38: Nữ
A39: GUI-TMKM04 | B39: [Input] Mức giảm | E39: - Text: Black - Status: Enable | F39: - Text: Black - Status: Enable | G39: Passed | H39: 18/04/2026 | I39: Nữ
A40: GUI-TMKM05 | B40: [Date] Ngày bắt đầu | E40: - Text: Black - Status: Enable | F40: - Text: Black - Status: Enable | G40: Passed | H40: 18/04/2026 | I40: Nữ
A41: GUI-TMKM06 | B41: [Date] Ngày kết thúc | E41: - Text: Black - Status: Enable | F41: - Text: Black - Status: Enable | G41: Passed | H41: 18/04/2026 | I41: Nữ
A42: GUI-TMKM07 | B42: [Search] Tìm kiếm sản phẩm | E42: - Text: Black - Status: Enable | F42: - Text: Black - Status: Enable | G42: Passed | H42: 18/04/2026 | I42: Nữ
A43: GUI-TMKM08 | B43: [List] Danh sách sản phẩm | E43: - Text: Black - Status: Enable | F43: - Text: Black - Status: Enable | G43: Passed | H43: 18/04/2026 | I43: Nữ
A44: GUI-TMKM09 | B44: [Checkbox] Chọn sản phẩm | E44: - Text: Black - Status: Enable | F44: - Text: Black - Status: Enable | G44: Passed | H44: 18/04/2026 | I44: Nữ
A45: GUI-TMKM10 | B45: [Button] Bỏ chọn tất cả | E45: - Text: Black - Status: Enable | F45: - Text: Black - Status: Enable | G45: Passed | H45: 18/04/2026 | I45: Nữ
A46: GUI-TMKM11 | B46: [Button] Hủy bỏ | E46: - Text: Black - Status: Enable | F46: - Text: Black - Status: Enable | G46: Passed | H46: 18/04/2026 | I46: Nữ
A47: GUI-TMKM12 | B47: [Button] Lưu chương trình | E47: - Text: Black - Status: Enable | F47: - Text: Black - Status: Enable | G47: Passed | H47: 18/04/2026 | I47: Nữ
A48: FUNCTION_SHOW Trang thêm mã khuyến mãi
A49: FUNC-TMKM01 | B49: Kiểm tra tạo sale hợp lệ | C49: 1. Nhập đầy đủ thông tin 2. Chọn sản phẩm 3. Click "Lưu chương trình" | D49: Đăng nhập vào hệ thống | E49: Hệ thống tạo thành công, hiển thị thông báo | F49: Hệ thống tạo thành công, hiển thị thông báo | G49: Passed | H49: 18/04/2026 | I49: Nữ
A50: FUNC-TMKM02 | B50: Kiểm tra bỏ trống tên | C50: 1. Không nhập tên 2. Click "Lưu" | D50: Đăng nhập vào hệ thống | E50: Hiển thị lỗi "Tên chương trình là bắt buộc" | F50: Hiển thị lỗi "Tên chương trình là bắt buộc" | G50: Passed | H50: 18/04/2026 | I50: Nữ
A51: FUNC-TMKM03 | B51: Kiểm tra bỏ trống mức giảm | C51: 1. Không nhập mức giảm 2. Lưu | D51: Đăng nhập vào hệ thống | E51: Hiển thị lỗi bắt buộc | F51: Hiển thị lỗi bắt buộc | G51: Passed | H51: 18/04/2026 | I51: Nữ
A52: FUNC-TMKM04 | B52: Kiểm tra mức giảm âm | C52: 1. Nhập -10 2. Lưu | D52: Đăng nhập vào hệ thống | E52: Báo lỗi "Mức giảm phải > 0" | F52: Lưu thành công | G52: Failed | H52: 18/04/2026 | I52: Nữ | J52: Passed | K52: 18/04/2026 | L52: Nữ
A53: FUNC-TMKM05 | B53: Kiểm tra mức giảm = 0 | C53: 1. Nhập 0 2. Lưu | D53: Đăng nhập vào hệ thống | E53: Báo lỗi không hợp lệ | F53: Lưu thành công | G53: Failed | H53: 18/04/2026 | I53: Nữ | J53: Passed | K53: 18/04/2026 | L53: Nữ
A54: FUNC-TMKM06 | B54: Kiểm tra % > 100 | C54: 1. Nhập 150% 2. Lưu | D54: Đăng nhập vào hệ thống | E54: Báo lỗi vượt quá 100% | F54: Lưu thành công | G54: Failed | H54: 18/04/2026 | I54: Nữ | J54: Passed | K54: 18/04/2026 | L54: Nữ
A55: FUNC-TMKM07 | B55: Kiểm tra thời gian hợp lệ | C55: 1. Start < End 2. Lưu | D55: Đăng nhập vào hệ thống | E55: Lưu thành công | G55: Passed | H55: 18/04/2026 | I55: Nữ
A56: FUNC-TMKM08 | B56: Kiểm tra start > end | C56: 1. Start > End 2. Lưu | D56: Đăng nhập vào hệ thống | E56: Báo lỗi thời gian | F56: Lưu thành công | G56: Failed | H56: 18/04/2026 | I56: Nữ | J56: Passed | K56: 18/04/2026 | L56: Nữ
A57: FUNC-TMKM09 | B57: Kiểm tra không chọn sản phẩm | C57: 1. Không chọn SP 2. Lưu | D57: Đăng nhập vào hệ thống | E57: Báo lỗi yêu cầu chọn sản phẩm | F57: Báo lỗi yêu cầu chọn sản phẩm | G57: Passed | H57: 18/04/2026 | I57: Nữ
A58: FUNC-TMKM10 | B58: Kiểm tra chọn nhiều sản phẩm | C58: 1. Tick nhiều checkbox 2. Lưu | D58: Đăng nhập vào hệ thống | E58: Lưu tất cả sản phẩm vào sale | F58: Lưu tất cả sản phẩm vào sale | G58: Passed | H58: 18/04/2026 | I58: Nữ
A59: FUNC-TMKM11 | B59: Kiểm tra bỏ chọn tất cả | C59: 1. Chọn nhiều SP 2. Click "Bỏ chọn tất cả" | D59: Đăng nhập vào hệ thống | E59: Tất cả checkbox bị bỏ chọn | F59: Tất cả checkbox bị bỏ chọn | G59: Passed | H59: 18/04/2026 | I59: Nữ
A60: FUNC-TMKM12 | B60: Kiểm tra search sản phẩm | C60: 1. Nhập keyword 2. Quan sát | D60: Đăng nhập vào hệ thống | E60: Filter đúng sản phẩm | F60: Filter đúng sản phẩm | G60: Passed | H60: 18/04/2026 | I60: Nữ
A61: FUNC-TMKM13 | B61: Kiểm tra search không có kết quả | C61: 1. Nhập text không tồn tại | D61: Đăng nhập vào hệ thống | E61: Hiển thị "Không có sản phẩm" | F61: Hiển thị "Không có sản phẩm" | G61: Passed | H61: 18/04/2026 | I61: Nữ
A62: FUNC-TMKM14 | B62: Kiểm tra ký tự đặc biệt tên | C62: 1. Nhập ***@@@ 2. Lưu | D62: Đăng nhập vào hệ thống | E62: Validate hoặc báo lỗi | F62: Validate hoặc báo lỗi | G62: Passed | H62: 18/04/2026 | I62: Nữ
A63: FUNC-TMKM15 | B63: Kiểm tra lưu khi mất mạng | C63: 1. Tắt mạng 2. Click lưu | D63: Đăng nhập vào hệ thống | E63: Hiển thị lỗi hệ thống | F63: Hiển thị lỗi hệ thống | G63: Passed | H63: 18/04/2026 | I63: Nữ
A64: FUNC-TMKM16 | B64: Kiểm tra nút Hủy khi chưa nhập dữ liệu | C64: 1. Mở form 2. Click "Hủy bỏ" | D64: Đăng nhập vào hệ thống | E64: Quay về đúng trang danh sách, không phát sinh dữ liệu | F64: Quay về đúng trang danh sách, không phát sinh dữ liệu | G64: Passed | H64: 18/04/2026 | I64: Nữ
A65: FUNC-TMKM17 | B65: Kiểm tra nút Hủy khi đã nhập dữ liệu | C65: 1. Nhập dữ liệu bất kỳ 2. Click "Hủy bỏ" | D65: Đăng nhập vào hệ thống | E65: Quay về đúng trang danh sách, không phát sinh dữ liệu | F65: Quay về đúng trang danh sách, không phát sinh dữ liệu | G65: Passed | H65: 18/04/2026 | I65: Nữ
A66: FUNC-TMKM18 | B66: Kiểm tra lưu hợp lệ | C66: 1. Nhập đầy đủ thông tin hợp lệ 2. Click "Lưu chương trình" | D66: Đăng nhập vào hệ thống | E66: Lưu thành công | F66: Lưu thành công | G66: Passed | H66: 18/04/2026 | I66: Nữ
A67: FUNC-TMKM19 | B67: Kiểm tra lưu khi thiếu dữ liệu bắt buộc | C67: 1. Không nhập tên hoặc mức giảm 2. Click "Lưu chương trình" | D67: Đăng nhập vào hệ thống | E67: Báo lỗi, không cho lưu | F67: Báo lỗi, không cho lưu | G67: Passed | H67: 18/04/2026 | I67: Nữ

Sheet Cập nhật mã khuyến mãi
A1: Project Name | B1: XÂY DỰNG HỆ THỐNG THƯƠNG MẠI ĐIỆN TỬ MỸ PHẨM HAMONI COSMETIC VÀ CHATBOX AI TƯ VẤN KHÁCH HÀNG
A2: Module Code | B2: Cập nhật mã khuyến mãi
B3: Hoàn thành | C3: Lỗi | D3: Chưa kiểm tra | E3: Bị chăn | F3: Tổng số trường hợp thử nghiệm
A4: Round 1 | B4: 15 | C4: 4 | D4: =COUNTIF('Phiếu nhập kho'!G11:G21,"Untested") -> 0 | E4: =COUNTIF('Phiếu nhập kho'!G11:G21,"Blocked") -> 0 | F4: 19
A5: Round 2 | B5: 19 | C5: 0 | D5: =COUNTIF('Phiếu nhập kho'!J11:J21,"Untested") -> 0 | E5: =COUNTIF('Phiếu nhập kho'!J11:J21,"Blocked") -> 0 | F5: 19
A34: Test Case ID | B34: Mô tả | C34: Qui trình | D34: Điều kiện tiên quyết | E34: Kết quả mong đợi | F34: Kết quả thực tế | G34: Kết quả | J34: Kết quả | M34: Chú thích
G35: Vòng 1 | J35: Vòng 2
G36: Trạng thái | H36: Ngày kiểm tra | I36: Người kiểm tra | J36: Trạng thái | K36: Ngày kiểm tra | L36: Người kiểm tra
A37: GUI_SHOW Trang cập nhật mã khuyến mãi
A38: GUI-CNMKM01 | B38: [Title] CHI TIẾT: LỄ HỘI 30/4 | E38: - Text: Black - Status: Enable | F38: - Text: Black - Status: Enable | G38: Passed | H38: 18/04/2026 | I38: Nữ
A39: GUI-CNMKM02 | B39: Input Tên chương trình | E39: - Text: Black - Status: Enable | F39: - Text: Black - Status: Enable | G39: Passed | H39: 18/04/2026 | I39: Nữ
A40: GUI-CNMKM03 | B40: Dropdown Loại giảm | E40: - Text: Black - Status: Enable | F40: - Text: Black - Status: Enable | G40: Passed | H40: 18/04/2026 | I40: Nữ
A41: GUI-CNMKM04 | B41: Input Giá trị giảm | E41: - Text: Black - Status: Enable | F41: - Text: Black - Status: Enable | G41: Passed | H41: 18/04/2026 | I41: Nữ
A42: GUI-CNMKM05 | B42: DateTime Bắt đầu/Kết thúc | E42: - Text: Black - Status: Enable | F42: - Text: Black - Status: Enable | G42: Passed | H42: 18/04/2026 | I42: Nữ
A43: GUI-CNMKM06 | B43: Danh sách sản phẩm | E43: - Text: Black - Status: Enable | F43: - Text: Black - Status: Enable | G43: Passed | H43: 18/04/2026 | I43: Nữ
A44: GUI-CNMKM07 | B44: Checkbox sản phẩm | E44: - Text: Black - Status: Enable | F44: - Text: Black - Status: Enable | G44: Passed | H44: 18/04/2026 | I44: Nữ
A45: GUI-CNMKM08 | B45: Nút LƯU THAY ĐỔI | E45: - Text: Black - Status: Enable | F45: - Text: Black - Status: Enable | G45: Passed | H45: 18/04/2026 | I45: Nữ
A46: GUI-CNMKM09 | B46: Nút XÓA CHƯƠNG TRÌNH | E46: - Text: Black - Status: Enable | F46: - Text: Black - Status: Enable | G46: Passed | H46: 18/04/2026 | I46: Nữ
A47: FUNCTION_SHOW Trang cập nhật mã khuyến mãi
A48: FUNC-CNMKM01 | B48: Kiểm tra lưu chỉnh sửa hợp lệ | C48: 1. Sửa dữ liệu 2. Click "Lưu thay đổi" | D48: Đăng nhập vào hệ thống | E48: Lưu thành công, cập nhật dữ liệu | F48: Lưu thành công, cập nhật dữ liệu | G48: Passed | H48: 18/04/2026 | I48: Nữ
A49: FUNC-TMKM02 | B49: Kiểm tra lưu khi không thay đổi dữ liệu | C49: 1. Không sửa 2. Click "Lưu" | D49: Đăng nhập vào hệ thống | E49: Không lỗi, giữ nguyên dữ liệu | F49: Không lỗi, giữ nguyên dữ liệu | G49: Passed | H49: 18/04/2026 | I49: Nữ
A50: FUNC-TMKM03 | B50: Kiểm tra lưu khi bỏ chọn tất cả sản phẩm | C50: 1. Uncheck toàn bộ 2. Click "Lưu" | D50: Đăng nhập vào hệ thống | E50: Không cho lưu, hiển thị lỗi | F50: Lưu thành công | G50: Failed | H50: 18/04/2026 | I50: Nữ | J50: Passed | K50: 18/04/2026 | L50: Nữ
A51: FUNC-TMKM04 | B51: Kiểm tra nhập giá trị không hợp lệ | C51: 1. Nhập chữ / âm 2. Lưu | D51: Đăng nhập vào hệ thống | E51: Hiển thị lỗi validate | F51: Lưu thành công | G51: Failed | H51: 18/04/2026 | I51: Nữ | J51: Passed | K51: 18/04/2026 | L51: Nữ
A52: FUNC-TMKM05 | B52: Kiểm tra ngày không hợp lệ | C52: 1. End < Start 2. Lưu | D52: Đăng nhập vào hệ thống | E52: Hiển thị lỗi ngày | F52: Lưu thành công | G52: Failed | H52: 18/04/2026 | I52: Nữ | J52: Passed | K52: 18/04/2026 | L52: Nữ
A53: FUNC-TMKM06 | B53: Kiểm tra chọn sản phẩm bằng checkbox | C53: 1. Tick checkbox | D53: Đăng nhập vào hệ thống | E53: Sản phẩm được chọn | F53: Sản phẩm được chọn | G53: Passed | H53: 18/04/2026 | I53: Nữ
A54: FUNC-TMKM07 | B54: Kiểm tra bỏ chọn sản phẩm | C54: 1. Untick checkbox | D54: Đăng nhập vào hệ thống | E54: Sản phẩm được chọn | F54: Sản phẩm được chọn | G54: Passed | H54: 18/04/2026 | I54: Nữ
A55: FUNC-TMKM08 | B55: Kiểm tra giới hạn số lượng sản phẩm | C55: 1. Chọn quá số lượng | D55: Đăng nhập vào hệ thống | E55: Không cho chọn thêm | F55: Được phép cho chọn thêm | G55: Failed | H55: 18/04/2026 | I55: Nữ | J55: Passed | K55: 18/04/2026 | L55: Nữ
A56: FUNC-TMKM09 | B56: Kiểm tra xóa chương trình | C56: 1. Click "Xóa" 2. Cancel | D56: Đăng nhập vào hệ thống | E56: Xóa thành công, quay về danh sách | F56: Xóa thành công, quay về danh sách | G56: Passed | H56: 18/04/2026 | I56: Nữ
A57: FUNC-TMKM10 | B57: Kiểm tra hủy thao tác xóa | C57: 1. Click "Xóa" 2. Cancel | D57: Đăng nhập vào hệ thống | E57: Không bị xóa | F57: Không bị xóa | G57: Passed | H57: 18/04/2026 | I57: Nữ

Sheet Danh sách và thêm voucher
A1: Project Name | B1: XÂY DỰNG HỆ THỐNG THƯƠNG MẠI ĐIỆN TỬ MỸ PHẨM HAMONI COSMETIC VÀ CHATBOX AI TƯ VẤN KHÁCH HÀNG
A2: Module Code | B2: Danh sách và thêm voucher
B3: Hoàn thành | C3: Lỗi | D3: Chưa kiểm tra | E3: Bị chăn | F3: Tổng số trường hợp thử nghiệm
A4: Round 1 | B4: 26 | C4: 5 | D4: =COUNTIF('Phiếu nhập kho'!G11:G21,"Untested") -> 0 | E4: =COUNTIF('Phiếu nhập kho'!G11:G21,"Blocked") -> 0 | F4: 31
A5: Round 2 | B5: 31 | C5: 0 | D5: =COUNTIF('Phiếu nhập kho'!J11:J21,"Untested") -> 0 | E5: =COUNTIF('Phiếu nhập kho'!J11:J21,"Blocked") -> 0 | F5: 31
A31: Test Case ID | B31: Mô tả | C31: Qui trình | D31: Điều kiện tiên quyết | E31: Kết quả mong đợi | F31: Kết quả thực tế | G31: Kết quả | J31: Kết quả | M31: Chú thích
G32: Vòng 1 | J32: Vòng 2
G33: Trạng thái | H33: Ngày kiểm tra | I33: Người kiểm tra | J33: Trạng thái | K33: Ngày kiểm tra | L33: Người kiểm tra
A34: GUI_SHOW Trang Danh sách và thêm voucher
A35: GUI-VOU01 | B35: [Title] Tạo Voucher Mới – hiển thị đúng | E35: - Text: Black - Status: Enable | F35: - Text: Black - Status: Enable | G35: Passed | H35: 18/04/2026 | I35: Nữ
A36: GUI-VOU02 | B36: [Input] Mã Voucher | E36: - Text: Black - Status: Enable | F36: - Text: Black - Status: Enable | G36: Passed | H36: 18/04/2026 | I36: Nữ
A37: GUI-VOU03 | B37: [Dropdown] Loại giảm giá | E37: - Text: Black - Status: Enable | F37: - Text: Black - Status: Enable | G37: Passed | H37: 18/04/2026 | I37: Nữ
A38: GUI-VOU04 | B38: [Input] Giá trị giảm | E38: - Text: Black - Status: Enable | F38: - Text: Black - Status: Enable | G38: Passed | H38: 18/04/2026 | I38: Nữ
A39: GUI-VOU05 | B39: [Input] SL phát hành | E39: - Text: Black - Status: Enable | F39: - Text: Black - Status: Enable | G39: Passed | H39: 18/04/2026 | I39: Nữ
A40: GUI-VOU06 | B40: [Input] Đơn tối thiểu | E40: - Text: Black - Status: Enable | F40: - Text: Black - Status: Enable | G40: Passed | H40: 18/04/2026 | I40: Nữ
A41: GUI-VOU07 | B41: [DatePicker] Ngày bắt đầu | E41: - Text: Black - Status: Enable | F41: - Text: Black - Status: Enable | G41: Passed | H41: 18/04/2026 | I41: Nữ
A42: GUI-VOU08 | B42: [DatePicker] Ngày kết thúc | E42: - Text: Black - Status: Enable | F42: - Text: Black - Status: Enable | G42: Passed | H42: 18/04/2026 | I42: Nữ
A43: GUI-VOU09 | B43: [Button] Tạo Mã Khuyến Mãi | E43: - Text: Black - Status: Enable | F43: - Text: Black - Status: Enable | G43: Passed | H43: 18/04/2026 | I43: Nữ
A44: GUI-VOU10 | B44: [Table] Danh sách voucher hiển thị | E44: - Text: Black - Status: Enable | F44: - Text: Black - Status: Enable | G44: Passed | H44: 18/04/2026 | I44: Nữ
A45: GUI-VOU11 | B45: [Column] Mã voucher | E45: - Text: Black - Status: Enable | F45: - Text: Black - Status: Enable | G45: Passed | H45: 18/04/2026 | I45: Nữ
A46: GUI-VOU12 | B46: [Column] Ưu đãi | E46: - Text: Black - Status: Enable | F46: - Text: Black - Status: Enable | G46: Passed | H46: 18/04/2026 | I46: Nữ
... A49: GUI-VOU15 | B49: [Tag] Trạng thái (Hoạt động / Hết hạn / Chưa diễn ra) | E49: - Text: Black - Status: Enable | F49: - Text: Black - Status: Enable | G49: Passed | H49: 18/04/2026 | I49: Nữ
A50: FUNCTION_SHOW Trang Danh sách và thêm voucher
A51: FUNC-VOU01 | B51: Kiểm tra tạo voucher hợp lệ | C51: 1. Nhập đầy đủ thông tin 2. Click "Tạo mã" | D51: Đăng nhập vào hệ thống | E51: Tạo thành công, hiển thị trong danh sách | F51: Tạo thành công, hiển thị trong danh sách | G51: Passed | H51: 18/04/2026 | I51: Nữ
A52: FUNC-VOU02 | B52: Kiểm tra bỏ trống mã voucher | C52: 1. Không nhập mã 2. Click tạo | D52: Đăng nhập vào hệ thống | E52: Hiển thị lỗi bắt buộc | F52: Hiển thị lỗi bắt buộc | G52: Passed | H52: 18/04/2026 | I52: Nữ
A53: FUNC-VOU03 | B53: Kiểm tra trùng mã voucher | C53: 1. Nhập mã đã tồn tại 2. Click tạo | D53: Đăng nhập vào hệ thống | E53: Báo lỗi trùng | F53: Báo lỗi trùng | G53: Passed | H53: 18/04/2026 | I53: Nữ
A54: FUNC-VOU04 | B54: Kiểm tra nhập giá trị giảm không hợp lệ | C54: 1. Nhập chữ 2. Click tạo | D54: Đăng nhập vào hệ thống | E54: Báo lỗi định dạng số | F54: Báo lỗi định dạng số | G54: Passed | H54: 18/04/2026 | I54: Nữ
A55: FUNC-VOU05 | B55: Kiểm tra % > 100 | C55: 1. Nhập 150% 2. Lưu | D55: Đăng nhập vào hệ thống | E55: Báo lỗi vượt giới hạn | F55: Lưu thành công | G55: Failed | H55: 18/04/2026 | I55: Nữ | J55: Passed | K55: 18/04/2026 | L55: Nữ
A56: FUNC-VOU06 | B56: Kiểm tra giá trị âm | C56: 1. Nhập -1000 2. Lưu | D56: Đăng nhập vào hệ thống | E56: Không cho lưu, báo lỗi | F56: Lưu thành công | G56: Failed | H56: 18/04/2026 | I56: Nữ | J56: Passed | K56: 18/04/2026 | L56: Nữ
A57: FUNC-VOU07 | B57: Kiểm tra số lượng phát hành âm | C57: 1. Nhập -1 | D57: Đăng nhập vào hệ thống | E57: Không cho lưu, báo lỗi | F57: Lưu thành công | G57: Failed | H57: 18/04/2026 | I57: Nữ | J57: Passed | K57: 18/04/2026 | L57: Nữ
A58: FUNC-VOU08 | B58: Kiểm tra ngày kết thúc < ngày bắt đầu | C58: 1. Chọn sai ngày | D58: Đăng nhập vào hệ thống | E58: Không cho lưu, báo lỗi | F58: Lưu thành công | G58: Failed | H58: 18/04/2026 | I58: Nữ | J58: Passed | K58: 18/04/2026 | L58: Nữ
A59: FUNC-VOU09 | B59: Kiểm tra bỏ trống ngày | C59: 1. Không chọn ngày | D59: Đăng nhập vào hệ thống | E59: Không cho lưu, báo lỗi | F59: Không cho lưu, báo lỗi | G59: Passed | H59: 18/04/2026 | I59: Nữ
A60: FUNC-VOU10 | B60: Kiểm tra đơn tối thiểu > 0 | C60: 1. Nhập 0 | D60: Đăng nhập vào hệ thống | E60: Tạo mã thành công | F60: Tạo mã thành công | G60: Passed | H60: 18/04/2026 | I60: Nữ
A61: FUNC-VOU11 | B61: Kiểm tra hiển thị danh sách | C61: 1. Vào trang | D61: Đăng nhập vào hệ thống | E61: Hiển thị đầy đủ danh sách, đúng ngày | F61: Hiển thị đầy đủ danh sách, sai ngày | G61: Failed | H61: 18/04/2026 | I61: Nữ | J61: Passed | K61: 18/04/2026 | L61: Nữ
A62: FUNC-VOU12 | B62: Kiểm tra trạng thái “Hoạt động” | C62: 1. Voucher trong thời gian | D62: Đăng nhập vào hệ thống | E62: Hiển thị "Hoạt động" | F62: Hiển thị "Hoạt động" | G62: Passed | H62: 18/04/2026 | I62: Nữ
A63: FUNC-VOU13 | B63: Kiểm tra trạng thái “Hết hạn” | C63: 1. Voucher quá hạn | D63: Đăng nhập vào hệ thống | E63: Hiển thị "Hết hạn" | F63: Hiển thị "Hết hạn" | G63: Passed | H63: 18/04/2026 | I63: Nữ
A64: FUNC-VOU14 | B64: Kiểm tra trạng thái “Chưa diễn ra” | C64: 1. Voucher chưa tới ngày | D64: Đăng nhập vào hệ thống | E64: Hiển thị đúng | F64: Hiển thị đúng | G64: Passed | H64: 18/04/2026 | I64: Nữ
A65: FUNC-VOU15 | B65: Kiểm tra format tiền | C65: 1. Xem ưu đãi | D65: Đăng nhập vào hệ thống | E65: Hiển thị đúng định dạng VNĐ | F65: Hiển thị đúng định dạng VNĐ | G65: Passed | H65: 18/04/2026 | I65: Nữ
A66: FUNC-VOU16 | B66: Kiểm tra cập nhật sau khi tạo mới | C66: 1. Tạo voucher 2. Quay lại list | D66: Đăng nhập vào hệ thống | E66: Hiển thị ngay | F66: Hiển thị ngay | G66: Passed | H66: 18/04/2026 | I66: Nữ

Sheet Cập nhật voucher
A1: Project Name | B1: XÂY DỰNG HỆ THỐNG THƯƠNG MẠI ĐIỆN TỬ MỸ PHẨM HAMONI COSMETIC VÀ CHATBOX AI TƯ VẤN KHÁCH HÀNG
A2: Module Code | B2: Cập nhật voucher
B3: Hoàn thành | C3: Lỗi | D3: Chưa kiểm tra | E3: Bị chăn | F3: Tổng số trường hợp thử nghiệm
A4: Round 1 | B4: 26 | C4: 2 | D4: =COUNTIF('Phiếu nhập kho'!G11:G21,"Untested") -> 0 | E4: =COUNTIF('Phiếu nhập kho'!G11:G21,"Blocked") -> 0 | F4: 28
A5: Round 2 | B5: 28 | C5: 0 | D5: =COUNTIF('Phiếu nhập kho'!J11:J21,"Untested") -> 0 | E5: =COUNTIF('Phiếu nhập kho'!J11:J21,"Blocked") -> 0 | F5: 28
A32: Test Case ID | B32: Mô tả | C32: Qui trình | D32: Điều kiện tiên quyết | E32: Kết quả mong đợi | F32: Kết quả thực tế | G32: Kết quả | J32: Kết quả | M32: Chú thích
G33: Vòng 1 | J33: Vòng 2
G34: Trạng thái | H34: Ngày kiểm tra | I34: Người kiểm tra | J34: Trạng thái | K34: Ngày kiểm tra | L34: Người kiểm tra
A35: GUI_SHOW Trang cập nhật voucher
A36: GUI-CNV01 | B36: [Title] Mã giảm giá: SIÊU SALE hiển thị đúng | E36: - Text: Black - Status: Enable | F36: - Text: Black - Status: Enable | G36: Passed | H36: 19/04/2026 | I36: Nữ
A37: GUI-CNV02 | B37: [Button] Quay lại hiển thị | E37: - Text: Black - Status: Enable | F37: - Text: Black - Status: Enable | G37: Passed | H37: 19/04/2026 | I37: Nữ
A38: GUI-CNV03 | B38: [Tag] Đã hết hạn | E38: - Text: Black - Status: Enable | F38: - Text: Black - Status: Enable | G38: Passed | H38: 19/04/2026 | I38: Nữ
A39: GUI-CNV04 | B39: [Input] Mã Voucher | E39: - Text: Black - Status: Enable | F39: - Text: Black - Status: Enable | G39: Passed | H39: 19/04/2026 | I39: Nữ
A40: GUI-CNV05 | B40: [Dropdown] Loại giảm giá | E40: - Text: Black - Status: Enable | F40: - Text: Black - Status: Enable | G40: Passed | H40: 19/04/2026 | I40: Nữ
A41: GUI-CNV06 | B41: [Input] Giá trị giảm | E41: - Text: Black - Status: Enable | F41: - Text: Black - Status: Enable | G41: Passed | H41: 19/04/2026 | I41: Nữ
A42: GUI-CNV07 | B42: [Input] Số lượng đã dùng | E42: - Text: Black - Status: Enable | F42: - Text: Black - Status: Enable | G42: Passed | H42: 19/04/2026 | I42: Nữ
A43: GUI-CNV08 | B43: [Input] Tổng số lượng phát hành | E43: - Text: Black - Status: Enable | F43: - Text: Black - Status: Enable | G43: Passed | H43: 19/04/2026 | I43: Nữ
A44: GUI-CNV09 | B44: [Input] Đơn tối thiểu | E44: - Text: Black - Status: Enable | F44: - Text: Black - Status: Enable | G44: Passed | H44: 19/04/2026 | I44: Nữ
A45: GUI-CNV10 | B45: [DatePicker] Ngày bắt đầu | E45: - Text: Black - Status: Enable | F45: - Text: Black - Status: Enable | G45: Passed | H45: 19/04/2026 | I45: Nữ
A46: GUI-CNV11 | B46: [DatePicker] Ngày kết thúc | E46: - Text: Black - Status: Enable | F46: - Text: Black - Status: Enable | G46: Passed | H46: 19/04/2026 | I46: Nữ
A47: GUI-CNV12 | B47: [Button] CẬP NHẬT THÔNG TIN | E47: - Text: Black - Status: Enable | F47: - Text: Black - Status: Enable | G47: Passed | H47: 19/04/2026 | I47: Nữ
A48: GUI-CNV13 | B48: [Button] HẾT HẠN | E48: - Text: Black - Status: Enable | F48: - Text: Black - Status: Enable | G48: Passed | H48: 19/04/2026 | I48: Nữ
A49: FUNCTION_SHOW Trang cập nhật voucher
A50: FUNC-CNV01 | B50: Kiểm tra load dữ liệu voucher | C50: 1. Truy cập trang 2. Quan sát | D50: Đăng nhập vào hệ thống | E50: Hiển thị đúng dữ liệu | F50: Hiển thị đúng dữ liệu | G50: Passed | H50: 19/04/2026 | I50: Nữ
A51: FUNC-CNV02 | B51: Kiểm tra cập nhật hợp lệ | C51: 1. Sửa thông tin 2. Click “Cập nhật” | D51: Đăng nhập vào hệ thống | E51: Không cho chỉnh sửa | F51: Không cho chỉnh sửa | G51: Passed | H51: 19/04/2026 | I51: Nữ
A52: FUNC-CNV03 | B52: Kiểm tra bỏ trống giá trị giảm | C52: 1. Xóa giá trị 2. Click cập nhật | D52: Đăng nhập vào hệ thống | E52: Không cho chỉnh sửa | F52: Không cho chỉnh sửa | G52: Passed | H52: 19/04/2026 | I52: Nữ
A53: FUNC-CNV04 | B53: Kiểm tra nhập chữ vào giá trị giảm | C53: 1. Nhập abc 2. Click cập nhật | D53: Đăng nhập vào hệ thống | E53: Không cho chỉnh sửa | F53: Không cho chỉnh sửa | G53: Passed | H53: 19/04/2026 | I53: Nữ
A54: FUNC-CNV05 | B54: Kiểm tra % > 100 | C54: 1. Nhập 150 2. Click cập nhật | D54: Đăng nhập vào hệ thống | E54: Không cho chỉnh sửa | F54: Không cho chỉnh sửa | G54: Passed | H54: 19/04/2026 | I54: Nữ
A55: FUNC-CNV06 | B55: Kiểm tra giá trị âm | C55: 1. Nhập -10 2. Click cập nhật | D55: Đăng nhập vào hệ thống | E55: Không cho chỉnh sửa | F55: Không cho chỉnh sửa | G55: Passed | H55: 19/04/2026 | I55: Nữ
A56: FUNC-CNV07 | B56: Kiểm tra số lượng phát hành < số đã dùng | C56: 1. Nhập nhỏ hơn 2. Lưu | D56: Đăng nhập vào hệ thống | E56: Báo lỗi và thoát khỏi màn hình | F56: Lưu thành công | G56: Failed | H56: 19/04/2026 | I56: Nữ | J56: Passed | K56: 19/04/2026 | L56: Nữ
A57: FUNC-CNV08 | B57: Kiểm tra ngày kết thúc < ngày bắt đầu | C57: 1. Chọn sai ngày 2. Lưu | D57: Đăng nhập vào hệ thống | E57: Báo lỗi và thoát khỏi màn hình | F57: Lưu thành công | G57: Failed | H57: 19/04/2026 | I57: Nữ | J57: Passed | K57: 19/04/2026 | L57: Nữ
A58: FUNC-CNV09 | B58: Kiểm tra bỏ trống ngày | C58: 1. Xóa ngày 2. Lưu | D58: Đăng nhập vào hệ thống | E58: Báo lỗi | F58: Báo lỗi | G58: Passed | H58: 19/04/2026 | I58: Nữ
A59: FUNC-CNV10 | B59: Kiểm tra cập nhật thành công | C59: 1. Nhập đúng 2. Lưu | D59: Đăng nhập vào hệ thống | E59: Hiển thị thông báo thành công | F59: Hiển thị thông báo thành công | G59: Passed | H59: 19/04/2026 | I59: Nữ
A60: FUNC-CNV11 | B60: Kiểm tra nút “HẾT HẠN” | C60: 1. Click nút 2. Reload | D60: Đăng nhập vào hệ thống | E60: Chuyển trạng thái hết hạn | F60: Chuyển trạng thái hết hạn | G60: Passed | H60: 19/04/2026 | I60: Nữ | L60: Nữ
A61: FUNC-CNV12 | B61: Kiểm tra trạng thái hết hạn | C61: 1. Voucher quá hạn | D61: Đăng nhập vào hệ thống | E61: Hiển thị “Đã hết hạn” | F61: Hiển thị “Đã hết hạn” | G61: Passed | H61: 19/04/2026 | I61: Nữ
A62: FUNC-CNV13 | B62: Kiểm tra áp dụng đơn hàng < min | C62: 1. Tạo đơn nhỏ 2. Apply | D62: Đăng nhập vào hệ thống | E62: Không áp dụng | F62: Không áp dụng | G62: Passed | H62: 19/04/2026 | I62: Nữ
A63: FUNC-CNV14 | B63: Kiểm tra áp dụng hợp lệ | C63: 1. Tạo đơn đủ điều kiện 2. Apply | D63: Đăng nhập vào hệ thống | E63: Giảm đúng % | F63: Giảm đúng % | G63: Passed | H63: 19/04/2026 | I63: Nữ
A64: FUNC-CNV15 | B64: Kiểm tra refresh dữ liệu | C64: 1. Update 2. Reload | D64: Đăng nhập vào hệ thống | E64: Dữ liệu giữ nguyên | F64: Dữ liệu giữ nguyên | G64: Passed | H64: 19/04/2026 | I64: Nữ

Sheet Danh sách đơn hàng
A1: Project Name | B1: XÂY DỰNG HỆ THỐNG THƯƠNG MẠI ĐIỆN TỬ MỸ PHẨM HAMONI COSMETIC VÀ CHATBOX AI TƯ VẤN KHÁCH HÀNG
A2: Module Code | B2: Danh sách đơn hàng
B3: Hoàn thành | C3: Lỗi | D3: Chưa kiểm tra | E3: Bị chăn | F3: Tổng số trường hợp thử nghiệm
A4: Round 1 | B4: 26 | C4: 0 | D4: =COUNTIF('Phiếu nhập kho'!G11:G21,"Untested") -> 0 | E4: =COUNTIF('Phiếu nhập kho'!G11:G21,"Blocked") -> 0 | F4: 26
A5: Round 2 | B5: 0 | C5: 0 | D5: =COUNTIF('Phiếu nhập kho'!J11:J21,"Untested") -> 0 | E5: =COUNTIF('Phiếu nhập kho'!J11:J21,"Blocked") -> 0 | F5: 26
A27: Test Case ID | B27: Mô tả | C27: Qui trình | D27: Điều kiện tiên quyết | E27: Kết quả mong đợi | F27: Kết quả thực tế | G27: Kết quả | J27: Kết quả | M27: Chú thích
J28: Vòng 2
G29: Trạng thái | H29: Ngày kiểm tra | I29: Người kiểm tra | J29: Trạng thái | K29: Ngày kiểm tra | L29: Người kiểm tra
A30: GUI_SHOW Trang danh sách đơn hàng
A31: GUI-DSDH01 | B31: [Title] QUẢN LÝ ĐƠN HÀNG | E31: - Text: Black - Status: Enable | F31: - Text: Black - Status: Enable | G31: Passed | H31: 19/04/2026 | I31: Nữ
A32: GUI-DSDH02 | B32: [Dropdown] Tất cả trạng thái | E32: - Text: Black - Status: Enable | F32: - Text: Black - Status: Enable | G32: Passed | H32: 19/04/2026 | I32: Nữ
A33: GUI-DSDH03 | B33: [Input] Tìm kiếm đơn hàng | E33: - Text: Black - Status: Enable | F33: - Text: Black - Status: Enable | G33: Passed | H33: 19/04/2026 | I33: Nữ
A34: GUI-DSDH04 | B34: [DatePicker] Lọc theo ngày | E34: - Text: Black - Status: Enable | F34: - Text: Black - Status: Enable | G34: Passed | H34: 19/04/2026 | I34: Nữ
A35: GUI-DSDH05 | B35: [Table] Danh sách đơn hàng | E35: - Text: Black - Status: Enable | F35: - Text: Black - Status: Enable | G35: Passed | H35: 19/04/2026 | I35: Nữ
A36: GUI-DSDH06 | B36: [Column] Mã đơn | E36: - Text: Black - Status: Enable | F36: - Text: Black - Status: Enable | G36: Passed | H36: 19/04/2026 | I36: Nữ
A37: GUI-DSDH07 | B37: [Column] Ngày đặt | E37: - Text: Black - Status: Enable | F37: - Text: Black - Status: Enable | G37: Passed | H37: 19/04/2026 | I37: Nữ
A38: GUI-DSDH08 | B38: [Column] Khách hàng | E38: - Text: Black - Status: Enable | F38: - Text: Black - Status: Enable | G38: Passed | H38: 19/04/2026 | I38: Nữ
A39: GUI-DSDH09 | B39: [Column] Tổng tiền | E39: - Text: Black - Status: Enable | F39: - Text: Black - Status: Enable | G39: Passed | H39: 19/04/2026 | I39: Nữ
A40: GUI-DSDH10 | B40: [Column] Trạng thái | E40: - Text: Black - Status: Enable | F40: - Text: Black - Status: Enable | G40: Passed | H40: 19/04/2026 | I40: Nữ
A41: GUI-DSDH11 | B41: [Tag] Chờ xác nhận | E41: - Text: Black - Status: Enable | F41: - Text: Black - Status: Enable | G41: Passed | H41: 19/04/2026 | I41: Nữ
A42: GUI-DSDH12 | B42: [Tag] Đang giao | E42: - Text: Black - Status: Enable | F42: - Text: Black - Status: Enable | G42: Passed | H42: 19/04/2026 | I42: Nữ
A43: GUI-DSDH13 | B43: [Pagination] Phân trang | H43: 19/04/2026
A44: GUI-DSDH14 | B44: [Button] Chuyển trang | E44: - Text: Black - Status: Enable | F44: - Text: Black - Status: Enable | G44: Passed | H44: 19/04/2026 | I44: Nữ
A45: FUNCTION_SHOW Trang danh sách đơn hàng
A46: FUNC-DSDH01 | B46: Kiểm tra hiển thị danh sách đơn | C46: 1. Truy cập trang 2. Quan sát | D46: Đăng nhập vào hệ thống | E46: Hiển thị đúng dữ liệu | F46: Hiển thị đúng dữ liệu | G46: Passed | H46: 19/04/2026 | I46: Nữ
A47: FUNC-DSDH02 | B47: Kiểm tra tìm kiếm theo mã đơn | C47: 1. Nhập mã 2. Enter | D47: Đăng nhập vào hệ thống | E47: Trả đúng đơn | F47: Trả đúng đơn | G47: Passed | H47: 19/04/2026 | I47: Nữ
A48: FUNC-DSDH03 | B48: Kiểm tra tìm kiếm theo tên KH | C48: 1. Nhập tên 2. Enter | D48: Đăng nhập vào hệ thống | E48: Trả đúng kết quả | F48: Trả đúng kết quả | G48: Passed | H48: 19/04/2026 | I48: Nữ
A49: FUNC-DSDH04 | B49: Kiểm tra tìm kiếm không tồn tại | C49: 1. Nhập sai 2. Enter | D49: Đăng nhập vào hệ thống | E49: Không có dữ liệu | F49: Không có dữ liệu | G49: Passed | H49: 19/04/2026 | I49: Nữ
A50: FUNC-DSDH05 | B50: Kiểm tra lọc trạng thái | C50: 1. Chọn trạng thái 2. Quan sát | D50: Đăng nhập vào hệ thống | E50: Lọc đúng | F50: Lọc đúng | G50: Passed | H50: 19/04/2026 | I50: Nữ
A51: FUNC-DSDH06 | B51: Kiểm tra lọc ngày hợp lệ | C51: 1. Chọn ngày 2. Lọc | D51: Đăng nhập vào hệ thống | E51: Hiển thị đúng | F51: Hiển thị đúng | G51: Passed | H51: 19/04/2026 | I51: Nữ
A52: FUNC-DSDH07 | B52: Kiểm tra ngày sai (from > to) | C52: 1. Chọn sai 2. Lọc | D52: Đăng nhập vào hệ thống | E52: Báo lỗi / không lọc | F52: Báo lỗi / không lọc | G52: Passed | H52: 19/04/2026 | I52: Nữ
A53: FUNC-DSDH08 | B53: Kiểm tra hiển thị tổng tiền | C53: 1. Xem danh sách | D53: Đăng nhập vào hệ thống | E53: Hiển thị đúng VNĐ | F53: Hiển thị đúng VNĐ | G53: Passed | H53: 19/04/2026 | I53: Nữ
A54: FUNC-DSDH09 | B54: Kiểm tra trạng thái đơn | C54: 1. Xem trạng thái | D54: Đăng nhập vào hệ thống | E54: Hiển thị đúng | F54: Hiển thị đúng | G54: Passed | H54: 19/04/2026 | I54: Nữ
A55: FUNC-DSDH10 | B55: Kiểm tra phân trang | C55: 1. Click trang 2 | D55: Đăng nhập vào hệ thống | E55: Load đúng data | F55: Load đúng data | G55: Passed | H55: 19/04/2026 | I55: Nữ
A56: FUNC-DSDH11 | B56: Kiểm tra refresh trang | C56: 1. Reload | D56: Đăng nhập vào hệ thống | E56: Dữ liệu không đổi | F56: Dữ liệu không đổi | G56: Passed | H56: 19/04/2026 | I56: Nữ
A57: FUNC-DSDH12 | B57: Kiểm tra dữ liệu null | C57: 1. Load data lỗi | D57: Đăng nhập vào hệ thống | E57: Không crash | F57: Không crash | G57: Passed | H57: 19/04/2026 | I57: Nữ

Sheet Chi tiết đơn hàng
A1: Project Name | B1: XÂY DỰNG HỆ THỐNG THƯƠNG MẠI ĐIỆN TỬ MỸ PHẨM HAMONI COSMETIC VÀ CHATBOX AI TƯ VẤN KHÁCH HÀNG
A2: Module Code | B2: Danh sách và thêm voucher
B3: Hoàn thành | C3: Lỗi | D3: Chưa kiểm tra | E3: Bị chăn | F3: Tổng số trường hợp thử nghiệm
A4: Round 1 | B4: 26 | C4: 2 | D4: =COUNTIF('Phiếu nhập kho'!G11:G21,"Untested") -> 0 | E4: =COUNTIF('Phiếu nhập kho'!G11:G21,"Blocked") -> 0 | F4: 28
A5: Round 2 | B5: 28 | C5: 0 | D5: =COUNTIF('Phiếu nhập kho'!J11:J21,"Untested") -> 0 | E5: =COUNTIF('Phiếu nhập kho'!J11:J21,"Blocked") -> 0 | F5: 28
A30: Test Case ID | B30: Mô tả | C30: Qui trình | D30: Điều kiện tiên quyết | E30: Kết quả mong đợi | F30: Kết quả thực tế | G30: Kết quả | J30: Kết quả | M30: Chú thích
G31: Vòng 1 | J31: Vòng 2
G32: Trạng thái | H32: Ngày kiểm tra | I32: Người kiểm tra | J32: Trạng thái | K32: Ngày kiểm tra | L32: Người kiểm tra
A33: GUI_SHOW Trang chi tiết đơn hàng
A34: GUI-CTDH01 | B34: [Title] XỬ LÝ ĐƠN HÀNG & CẬP NHẬT TRẠNG THÁI | E34: - Text: Black - Status: Enable | F34: - Text: Black - Status: Enable | G34: Passed | I34: Nữ
A35: GUI-CTDH02 | B35: [Button] Quay lại danh sách | E35: - Text: Black - Status: Enable | F35: - Text: Black - Status: Enable | G35: Passed | I35: Nữ
A36: GUI-CTDH03 | B36: [Info] Thông tin khách hàng | E36: - Text: Black - Status: Enable | F36: - Text: Black - Status: Enable | G36: Passed | I36: Nữ
A37: GUI-CTDH04 | B37: [Info] Địa chỉ giao hàng | E37: - Text: Black - Status: Enable | F37: - Text: Black - Status: Enable | G37: Passed | I37: Nữ
A38: GUI-CTDH05 | B38: [Table] Danh sách sản phẩm | E38: - Text: Black - Status: Enable | F38: - Text: Black - Status: Enable | G38: Passed | I38: Nữ
A39: GUI-CTDH06 | B39: [Column] Tên sản phẩm | E39: - Text: Black - Status: Enable | F39: - Text: Black - Status: Enable | G39: Passed | I39: Nữ
A40: GUI-CTDH07 | B40: [Column] Số lượng | E40: - Text: Black - Status: Enable | F40: - Text: Black - Status: Enable | G40: Passed | I40: Nữ
A41: GUI-CTDH08 | B41: [Column] Giá | E41: - Text: Black - Status: Enable | F41: - Text: Black - Status: Enable | G41: Passed | I41: Nữ
A42: GUI-CTDH09 | B42: [Text] Tạm tính / Voucher / Ship | E42: - Text: Black - Status: Enable | F42: - Text: Black - Status: Enable | G42: Passed | I42: Nữ
A43: GUI-CTDH10 | B43: [Text] Tổng tiền | E43: - Text: Black - Status: Enable | F43: - Text: Black - Status: Enable | G43: Passed | I43: Nữ
A44: GUI-CTDH11 | B44: [Dropdown] Trạng thái đơn hàng | E44: - Text: Black - Status: Enable | F44: - Text: Black - Status: Enable | G44: Passed | I44: Nữ
A45: GUI-CTDH12 | B45: [Button] CẬP NHẬT | E45: - Text: Black - Status: Enable | F45: - Text: Black - Status: Enable | G45: Passed | I45: Nữ
... A49: GUI-CTDH16 | B49: [Section] Lịch sử vận hành | E49: - Text: Black - Status: Enable | F49: - Text: Black - Status: Enable | G49: Passed | I49: Nữ
A50: FUNCTION_SHOW Trang chi tiết đơn hàng
A51: FUNC-CTDH01 | B51: Kiểm tra load chi tiết đơn hàng | C51: 1. Truy cập trang 2. Quan sát | D51: Đăng nhập vào hệ thống | E51: Hiển thị đúng dữ liệu | F51: Hiển thị đúng dữ liệu | G51: Passed | I51: Nữ
A52: FUNC-CTDH02 | B52: Kiểm tra tổng tiền | C52: 1. Xem tổng 2. So sánh | D52: Đăng nhập vào hệ thống | E52: Tính đúng (tạm tính - voucher + ship) | F52: Tính đúng (tạm tính - voucher + ship) | G52: Passed | I52: Nữ
A53: FUNC-CTDH03 | B53: Kiểm tra cập nhật trạng thái | C53: 1. Chọn trạng thái 2. Click cập nhật | D53: Đăng nhập vào hệ thống | E53: Lưu thành công | F53: Lưu thành công | G53: Passed | I53: Nữ
A54: FUNC-CTDH04 | B54: Kiểm tra không chọn trạng thái | C54: 1. Không chọn 2. Click cập nhật | D54: Đăng nhập vào hệ thống | E54: Báo lỗi | F54: Không thông báo | G54: Failed | I54: Nữ | J54: Passed | L54: Nữ
A55: FUNC-CTDH05 | B55: Kiểm tra chuyển trạng thái hợp lệ | C55: 1. Chọn trạng thái hợp lệ 2. Cập nhật | D55: Đăng nhập vào hệ thống | E55: Cập nhật thành công | F55: Không thể cập nhật | G55: Failed | I55: Nữ | J55: Passed | L55: Nữ
A56: FUNC-CTDH06 | B56: Kiểm tra chuyển trạng thái sai | C56: 1. Chọn sai logic 2. Cập nhật | D56: Đăng nhập vào hệ thống | E56: Không cho cập nhật | F56: Không cho cập nhật | G56: Passed | I56: Nữ
A57: FUNC-CTDH07 | B57: Kiểm tra hủy đơn | C57: 1. Click HỦY ĐƠN 2. Xác nhận | D57: Đăng nhập vào hệ thống | E57: Đơn chuyển “Đã hủy” | F57: Đơn chuyển “Đã hủy” | G57: Passed | I57: Nữ
A58: FUNC-CTDH08 | B58: Kiểm tra không hủy đơn đã giao | C58: 1. Đơn đã giao 2. Click hủy | D58: Đăng nhập vào hệ thống | E58: Không cho hủy | F58: Không cho hủy | G58: Passed | I58: Nữ
A59: FUNC-CTDH09 | B59: Kiểm tra in hóa đơn | C59: 1. Click IN 2. Xem file | D59: Đăng nhập vào hệ thống | E59: Xuất file thành công | F59: Xuất file thành công | G59: Passed | I59: Nữ
A60: FUNC-CTDH10 | B60: Kiểm tra lịch sử vận hành | C60: 1. Click xem 2. Quan sát | D60: Đăng nhập vào hệ thống | E60: Hiển thị đúng | F60: Hiển thị đúng | G60: Passed | I60: Nữ
A61: FUNC-CTDH11 | B61: Kiểm tra cập nhật lịch sử | C61: 1. Đổi trạng thái 2. Xem lịch sử | D61: Đăng nhập vào hệ thống | E61: Có log mới | F61: Có log mới | G61: Passed | I61: Nữ
A62: FUNC-CTDH12 | B62: Kiểm tra reload | C62: 1. Refresh | D62: Đăng nhập vào hệ thống | E62: Dữ liệu giữ đúng | F62: Dữ liệu giữ đúng | G62: Passed | I62: Nữ

Sheet In hoá đơn
A1: Project Name | B1: XÂY DỰNG HỆ THỐNG THƯƠNG MẠI ĐIỆN TỬ MỸ PHẨM HAMONI COSMETIC VÀ CHATBOX AI TƯ VẤN KHÁCH HÀNG
A2: Module Code | B2: In hoá đơn
B3: Hoàn thành | C3: Lỗi | D3: Chưa kiểm tra | E3: Bị chăn | F3: Tổng số trường hợp thử nghiệm
A4: Round 1 | B4: 28 | C4: =COUNTIF('Phiếu nhập kho'!F11:F21,"Untested") -> 0 | D4: =COUNTIF('Phiếu nhập kho'!G11:G21,"Untested") -> 0 | E4: =COUNTIF('Phiếu nhập kho'!G11:G21,"Blocked") -> 0 | F4: 28
A5: Round 2 | B5: =COUNTIF('Phiếu nhập kho'!D12:D22,"Blocked") -> 0 | C5: =COUNTIF('Phiếu nhập kho'!E12:E22,"Blocked") -> 0 | D5: =COUNTIF('Phiếu nhập kho'!F12:F22,"Blocked") -> 0 | E5: =COUNTIF('Phiếu nhập kho'!G12:G22,"Blocked") -> 0 | F5: =COUNTIF('Phiếu nhập kho'!H12:H22,"Blocked") -> 0
A43: Test Case ID | B43: Mô tả | C43: Qui trình | D43: Điều kiện tiên quyết | E43: Kết quả mong đợi | F43: Kết quả thực tế | G43: Kết quả | J43: Kết quả | M43: Chú thích
G44: Vòng 1 | J44: Vòng 2
G45: Trạng thái | H45: Ngày kiểm tra | I45: Người kiểm tra | J45: Trạng thái | K45: Ngày kiểm tra | L45: Người kiểm tra
A46: GUI_SHOW Trang in hoá đơn
A47: GUI-IHD01 | B47: [Title] XEM TRƯỚC HÓA ĐƠN | E47: - Text: Black - Status: Enable | F47: - Text: Black - Status: Enable | G47: Passed | H47: 19/04/2026 | I47: Nữ
A48: GUI-IHD02 | B48: [Text] HAMONI COSMETIC | E48: - Text: Black - Status: Enable | F48: - Text: Black - Status: Enable | G48: Passed | H48: 19/04/2026 | I48: Nữ
A49: GUI-IHD03 | B49: [Text] HÓA ĐƠN BÁN HÀNG | E49: - Text: Black - Status: Enable | F49: - Text: Black - Status: Enable | G49: Passed | H49: 19/04/2026 | I49: Nữ
A50: GUI-IHD04 | B50: [Info] Khách hàng | E50: - Text: Black - Status: Enable | F50: - Text: Black - Status: Enable | G50: Passed | H50: 19/04/2026 | I50: Nữ
A51: GUI-IHD05 | B51: [Info] Địa chỉ | E51: - Text: Black - Status: Enable | F51: - Text: Black - Status: Enable | G51: Passed | H51: 19/04/2026 | I51: Nữ
A52: GUI-IHD06 | B52: [Info] Mã đơn | E52: - Text: Black - Status: Enable | F52: - Text: Black - Status: Enable | G52: Passed | H52: 19/04/2026 | I52: Nữ
A53: GUI-IHD07 | B53: [Info] Ngày | E53: - Text: Black - Status: Enable | F53: - Text: Black - Status: Enable | G53: Passed | H53: 19/04/2026 | I53: Nữ
A54: GUI-IHD08 | B54: [Table] Danh sách sản phẩm | E54: - Text: Black - Status: Enable | F54: - Text: Black - Status: Enable | G54: Passed | H54: 19/04/2026 | I54: Nữ
A55: GUI-IHD09 | B55: [Column] Sản phẩm | E55: - Text: Black - Status: Enable | F55: - Text: Black - Status: Enable | G55: Passed | H55: 19/04/2026 | I55: Nữ
A56: GUI-IHD10 | B56: [Column] SL | E56: - Text: Black - Status: Enable | F56: - Text: Black - Status: Enable | G56: Passed | H56: 19/04/2026 | I56: Nữ
A57: GUI-IHD11 | B57: [Column] Thành tiền | E57: - Text: Black - Status: Enable | F57: - Text: Black - Status: Enable | G57: Passed | H57: 19/04/2026 | I57: Nữ
A58: GUI-IHD12 | B58: [Text] Tạm tính | E58: - Text: Black - Status: Enable | F58: - Text: Black - Status: Enable | G58: Passed | H58: 19/04/2026 | I58: Nữ
... A63: GUI-IHD17 | B63: [Button] Đóng | E63: - Text: Black - Status: Enable | F63: - Text: Black - Status: Enable | G63: Passed | H63: 19/04/2026 | I63: Nữ
A64: FUNCTION_SHOW Trang in hoá đơn
A65: FUNC-IHD01 | B65: Kiểm tra load dữ liệu hóa đơn | C65: 1. Mở popup 2. Quan sát | D65: Đăng nhập vào hệ thống | E65: Hiển thị đúng dữ liệu | F65: Hiển thị đúng dữ liệu | G65: Passed | H65: 19/04/2026 | I65: Nữ
A66: FUNC-IHD02 | B66: Kiểm tra tổng tiền | C66: 1. Xem tổng 2. Tính lại | D66: Đăng nhập vào hệ thống | E66: Đúng = tạm tính - giảm + ship | F66: Đúng = tạm tính - giảm + ship | G66: Passed | H66: 19/04/2026 | I66: Nữ
A67: FUNC-IHD03 | B67: Kiểm tra danh sách sản phẩm | C67: 1. Quan sát list | D67: Đăng nhập vào hệ thống | E67: Hiển thị đủ sản phẩm | F67: Hiển thị đủ sản phẩm | G67: Passed | H67: 19/04/2026 | I67: Nữ
A68: FUNC-IHD04 | B68: Kiểm tra số lượng | C68: 1. Xem SL | D68: Đăng nhập vào hệ thống | E68: Đúng với đơn | F68: Đúng với đơn | G68: Passed | H68: 19/04/2026 | I68: Nữ
A69: FUNC-IHD05 | B69: Kiểm tra thành tiền từng SP | C69: 1. So sánh giá | D69: Đăng nhập vào hệ thống | E69: Đúng từng dòng | F69: Đúng từng dòng | G69: Passed | H69: 19/04/2026 | I69: Nữ
A70: FUNC-IHD06 | B70: Kiểm tra giảm giá | C70: 1. Xem voucher | D70: Đăng nhập vào hệ thống | E70: Hiển thị đúng số âm | F70: Hiển thị đúng số âm | G70: Passed | H70: 19/04/2026 | I70: Nữ
A71: FUNC-IHD07 | B71: Kiểm tra phí ship | C71: 1. Xem phí | D71: Đăng nhập vào hệ thống | E71: Hiển thị đúng | F71: Hiển thị đúng | G71: Passed | H71: 19/04/2026 | I71: Nữ
A72: FUNC-IHD08 | B72: Kiểm tra in hóa đơn | C72: 1. Click “Xác nhận in” | D72: Đăng nhập vào hệ thống | E72: In thành công | F72: In thành công | G72: Passed | H72: 19/04/2026 | I72: Nữ
A73: FUNC-IHD09 | B73: Kiểm tra đóng popup | C73: 1. Click “Đóng” | D73: Đăng nhập vào hệ thống | E73: Popup đóng | F73: Popup đóng | G73: Passed | H73: 19/04/2026 | I73: Nữ
A74: FUNC-IHD10 | B74: Kiểm tra dữ liệu null | C74: 1. Load lỗi | D74: Đăng nhập vào hệ thống | E74: Không crash | F74: Không crash | G74: Passed | H74: 19/04/2026 | I74: Nữ
A75: FUNC-IHD11 | B75: Kiểm tra refresh dữ liệu | C75: 1. Mở lại popup | D75: Đăng nhập vào hệ thống | E75: Dữ liệu giữ đúng | F75: Dữ liệu giữ đúng | G75: Passed | H75: 19/04/2026 | I75: Nữ

Sheet Lịch sử đơn hàng
A1: Project Name | B1: XÂY DỰNG HỆ THỐNG THƯƠNG MẠI ĐIỆN TỬ MỸ PHẨM HAMONI COSMETIC VÀ CHATBOX AI TƯ VẤN KHÁCH HÀNG
A2: Module Code | B2: Lịch sử đơn hàng
B3: Hoàn thành | C3: Lỗi | D3: Chưa kiểm tra | E3: Bị chăn | F3: Tổng số trường hợp thử nghiệm
A4: Round 1 | B4: 15 | C4: =COUNTIF('Phiếu nhập kho'!F11:F21,"Untested") -> 0 | D4: =COUNTIF('Phiếu nhập kho'!G11:G21,"Untested") -> 0 | E4: =COUNTIF('Phiếu nhập kho'!G11:G21,"Blocked") -> 0 | F4: 15
A5: Round 2 | B5: =COUNTIF('Phiếu nhập kho'!D12:D22,"Blocked") -> 0 | C5: =COUNTIF('Phiếu nhập kho'!E12:E22,"Blocked") -> 0 | D5: =COUNTIF('Phiếu nhập kho'!F12:F22,"Blocked") -> 0 | E5: =COUNTIF('Phiếu nhập kho'!G12:G22,"Blocked") -> 0 | F5: =COUNTIF('Phiếu nhập kho'!H12:H22,"Blocked") -> 0
A39: Test Case ID | B39: Mô tả | C39: Qui trình | D39: Điều kiện tiên quyết | E39: Kết quả mong đợi | F39: Kết quả thực tế | G39: Kết quả | J39: Kết quả | M39: Chú thích
G40: Vòng 1 | J40: Vòng 2
G41: Trạng thái | H41: Ngày kiểm tra | I41: Người kiểm tra | J41: Trạng thái | K41: Ngày kiểm tra | L41: Người kiểm tra
A42: GUI_SHOW Trang lịch sử đơn hàng
A43: GUI-LSDH01 | B43: [Title] LỊCH SỬ HOẠT ĐỘNG | E43: - Text: Black - Status: Enable | F43: - Text: Black - Status: Enable | G43: Passed | H43: 19/04/2026 | I43: Nữ
A44: GUI-LSDH02 | B44: [Icon] Biểu tượng đồng hồ | E44: - Text: Black - Status: Enable | F44: - Text: Black - Status: Enable | G44: Passed | H44: 19/04/2026 | I44: Nữ
A45: GUI-LSDH03 | B45: [Column] HÀNH ĐỘNG | E45: - Text: Black - Status: Enable | F45: - Text: Black - Status: Enable | G45: Passed | H45: 19/04/2026 | I45: Nữ
A46: GUI-LSDH04 | B46: [Column] NGƯỜI THỰC HIỆN | E46: - Text: Black - Status: Enable | F46: - Text: Black - Status: Enable | G46: Passed | H46: 19/04/2026 | I46: Nữ
A47: GUI-LSDH05 | B47: [Column] THỜI GIAN | E47: - Text: Black - Status: Enable | F47: - Text: Black - Status: Enable | G47: Passed | H47: 19/04/2026 | I47: Nữ
A48: GUI-LSDH06 | B48: [Symbol] Dấu chấm (Bullet) | E48: - Text: Black - Status: Enable | F48: - Text: Black - Status: Enable | G48: Passed | H48: 19/04/2026 | I48: Nữ
A49: GUI-LSDH07 | B49: [Line] Đường kẻ phân cách | E49: - Text: Black - Status: Enable | F49: - Text: Black - Status: Enable | G49: Passed | H49: 19/04/2026 | I49: Nữ
A50: FUNCTION_SHOW Trang lịch sử đơn hàng
A51: FUNC-IHD01 | B51: Kiểm tra load dữ liệu log | C51: 1. Mở chi tiết đơn 2. Cuộn xuống phần log | D51: Đăng nhập vào hệ thống | E51: Hiển thị đúng dữ liệu lịch sử | F51: Hiển thị đúng dữ liệu lịch sử | G51: Passed | H51: 19/04/2026 | I51: Nữ
A52: FUNC-IHD02 | B52: Kiểm tra logic mũi tên | C52: 1. Xem cột Hành động | D52: Đăng nhập vào hệ thống | E52: Hiển thị dạng: A → B | F52: Hiển thị dạng: A → B | G52: Passed | H52: 19/04/2026 | I52: Nữ
A53: FUNC-IHD03 | B53: Kiểm tra nội dung phụ | C53: 1. Xem dòng In hóa đơn | D53: Đăng nhập vào hệ thống | E53: Hiển thị text mô tả dưới Hành động | F53: Hiển thị text mô tả dưới Hành động | G53: Passed | H53: 19/04/2026 | I53: Nữ
A54: FUNC-IHD04 | B54: Kiểm tra thời gian hiển thị | C54: 1. So sánh thời gian hệ thống | D54: Đăng nhập vào hệ thống | E54: Ghi nhận chính xác Giờ:Phút:Giây | F54: Ghi nhận chính xác Giờ:Phút:Giây | G54: Passed | H54: 19/04/2026 | I54: Nữ
A55: FUNC-IHD05 | B55: Kiểm tra sắp xếp (Sorting) | C55: 1. Quan sát toàn bộ log | D55: Đăng nhập vào hệ thống | E55: Thời gian mới nhất nằm trên cùng | F55: Thời gian mới nhất nằm trên cùng | G55: Passed | H55: 19/04/2026 | I55: Nữ
A56: FUNC-IHD06 | B56: Kiểm tra người thực hiện | C56: 1. Kiểm tra cột Người TH | D56: Đăng nhập vào hệ thống | E56: Hiển thị chính xác "Hệ thống" | F56: Hiển thị chính xác "Hệ thống" | G56: Passed | H56: 19/04/2026 | I56: Nữ
A57: FUNC-IHD07 | B57: Kiểm tra khi log trống | C57: 1. Mở đơn hàng mới tạo | D57: Đăng nhập vào hệ thống | E57: Không crash, hiển thị trống hoặc mặc định | F57: Không crash, hiển thị trống hoặc mặc định | G57: Passed | H57: 19/04/2026 | I57: Nữ
A58: FUNC-IHD08 | B58: Kiểm tra cuộn (Scroll) | C58: 1. Tạo nhiều log (trên 10) | D58: Đăng nhập vào hệ thống | E58: Hiển thị thanh cuộn hoặc mở rộng khung | F58: Hiển thị thanh cuộn hoặc mở rộng khung | G58: Passed | H58: 19/04/2026 | I58: Nữ

Sheet Danh sách đánh giá
A1: Project Name | B1: XÂY DỰNG HỆ THỐNG THƯƠNG MẠI ĐIỆN TỬ MỸ PHẨM HAMONI COSMETIC VÀ CHATBOX AI TƯ VẤN KHÁCH HÀNG
A2: Module Code | B2: Danh sách đánh giá
B3: Hoàn thành | C3: Lỗi | D3: Chưa kiểm tra | E3: Bị chăn | F3: Tổng số trường hợp thử nghiệm
A4: Round 1 | B4: 39 | C4: =COUNTIF('Phiếu nhập kho'!F11:F21,"Untested") -> 0 | D4: =COUNTIF('Phiếu nhập kho'!G11:G21,"Untested") -> 0 | E4: =COUNTIF('Phiếu nhập kho'!G11:G21,"Blocked") -> 0 | F4: 39
A5: Round 2 | B5: =COUNTIF('Phiếu nhập kho'!D12:D22,"Blocked") -> 0 | C5: =COUNTIF('Phiếu nhập kho'!E12:E22,"Blocked") -> 0 | D5: =COUNTIF('Phiếu nhập kho'!F12:F22,"Blocked") -> 0 | E5: =COUNTIF('Phiếu nhập kho'!G12:G22,"Blocked") -> 0 | F5: =COUNTIF('Phiếu nhập kho'!H12:H22,"Blocked") -> 0
A30: Test Case ID | B30: Mô tả | C30: Qui trình | D30: Điều kiện tiên quyết | E30: Kết quả mong đợi | F30: Kết quả thực tế | G30: Kết quả | J30: Kết quả | M30: Chú thích
G31: Vòng 1 | J31: Vòng 2
G32: Trạng thái | H32: Ngày kiểm tra | I32: Người kiểm tra | J32: Trạng thái | K32: Ngày kiểm tra | L32: Người kiểm tra
A33: GUI_SHOW Trang danh sách đánh giá
A34: GUI-DSĐG01 | B34: [Title] QUẢN LÝ ĐÁNH GIÁ | E34: - Text: Black - Status: Enable | F34: - Text: Black - Status: Enable | G34: Passed | H34: 19/04/2026 | I34: Nữ
A35: GUI-DSĐG02 | B35: [Card] Tổng đánh giá | E35: - Text: Black - Status: Enable | F35: - Text: Black - Status: Enable | G35: Passed | H35: 19/04/2026 | I35: Nữ
A36: GUI-DSĐG03 | B36: [Card] Chưa phản hồi | E36: - Text: Black - Status: Enable | F36: - Text: Black - Status: Enable | G36: Passed | H36: 19/04/2026 | I36: Nữ
A37: GUI-DSĐG04 | B37: [Sidebar] Lọc và Tìm kiếm Sản phẩm | E37: - Text: Black - Status: Enable | F37: - Text: Black - Status: Enable | G37: Passed | H37: 19/04/2026 | I37: Nữ
A38: GUI-DSĐG05 | B38: [Filter] Bộ lọc ngày | E38: - Text: Black - Status: Enable | F38: - Text: Black - Status: Enable | G38: Passed | H38: 19/04/2026 | I38: Nữ
A39: GUI-DSĐG06 | B39: [Dropdown] Tất cả sao | E39: - Text: Black - Status: Enable | F39: - Text: Black - Status: Enable | G39: Passed | H39: 19/04/2026 | I39: Nữ
A40: GUI-DSĐG07 | B40: [Button] Làm mới | E40: - Text: Black - Status: Enable | F40: - Text: Black - Status: Enable | G40: Passed | H40: 19/04/2026 | I40: Nữ
A41: GUI-DSĐG08 | B41: [Table] Danh sách đánh giá | E41: - Text: Black - Status: Enable | F41: - Text: Black - Status: Enable | G41: Passed | H41: 19/04/2026 | I41: Nữ
A42: GUI-DSĐG09 | B42: [Column] Khách hàng | E42: - Text: Black - Status: Enable | F42: - Text: Black - Status: Enable | G42: Passed | H42: 19/04/2026 | I42: Nữ
A43: GUI-DSĐG10 | B43: [Column] Sản phẩm | E43: - Text: Black - Status: Enable | F43: - Text: Black - Status: Enable | G43: Passed | H43: 19/04/2026 | I43: Nữ
A44: GUI-DSĐG11 | B44: [Column] Đánh giá | E44: - Text: Black - Status: Enable | F44: - Text: Black - Status: Enable | G44: Passed | H44: 19/04/2026 | I44: Nữ
A45: GUI-DSĐG12 | B45: [Column] Nhận xét | E45: - Text: Black - Status: Enable | F45: - Text: Black - Status: Enable | G45: Passed | H45: 19/04/2026 | I45: Nữ
... A47: GUI-DSĐG14 | B47: [Pagination] Phân trang | E47: - Text: Black - Status: Enable | F47: - Text: Black - Status: Enable | G47: Passed | H47: 19/04/2026 | I47: Nữ
A48: FUNCTION_SHOW Trang Danh sách đánh giá
A49: FUNC-DSĐG01 | B49: Kiểm tra hiển thị danh sách đánh giá | C49: 1. Truy cập trang | D49: Đăng nhập vào hệ thống | E49: Hiển thị đúng dữ liệu đánh giá | F49: Hiển thị đúng dữ liệu đánh giá | G49: Passed | H49: 19/04/2026 | I49: Nữ
A50: FUNC-DSĐG02 | B50: Kiểm tra hiển thị tổng đánh giá | C50: 1. Truy cập trang | D50: Đăng nhập vào hệ thống | E50: Card Tổng đánh giá hiển thị đúng số lượng | F50: Card Tổng đánh giá hiển thị đúng số lượng | G50: Passed | H50: 19/04/2026 | I50: Nữ
A51: FUNC-DSĐG03 | B51: Kiểm tra hiển thị số chưa phản hồi | C51: 1. Truy cập trang | D51: Đăng nhập vào hệ thống | E51: Card Chưa phản hồi hiển thị đúng số lượng | F51: Card Chưa phản hồi hiển thị đúng số lượng | G51: Passed | H51: 19/04/2026 | I51: Nữ
A52: FUNC-DSĐG04 | B52: Kiểm tra click “Xem ngay danh sách” | C52: 1. Click liên kết | D52: Đăng nhập vào hệ thống | E52: Cuộn/chuyển đến danh sách đánh giá | F52: Cuộn/chuyển đến danh sách đánh giá | G52: Passed | H52: 19/04/2026 | I52: Nữ
A53: FUNC-DSĐG05 | B53: Kiểm tra tìm kiếm theo tên sản phẩm | C53: 1. Nhập tên sản phẩm | D53: Đăng nhập vào hệ thống | E53: Trả về đúng các đánh giá của sản phẩm | F53: Trả về đúng các đánh giá của sản phẩm | G53: Passed | H53: 19/04/2026 | I53: Nữ
A54: FUNC-DSĐG06 | B54: Kiểm tra tìm kiếm không tồn tại | C54: 1. Nhập tên không tồn tại | D54: Đăng nhập vào hệ thống | E54: Không có dữ liệu | F54: Không có dữ liệu | G54: Passed | H54: 19/04/2026 | I54: Nữ
A55: FUNC-DSĐG07 | B55: Kiểm tra lọc theo sản phẩm từ sidebar | C55: 1. Chọn sản phẩm trong danh sách | D55: Đăng nhập vào hệ thống | E55: Chỉ hiển thị đánh giá của sản phẩm được chọn | F55: Chỉ hiển thị đánh giá của sản phẩm được chọn | G55: Passed | H55: 19/04/2026 | I55: Nữ
A56: FUNC-DSĐG08 | B56: Kiểm tra chọn “Tất cả sản phẩm” | C56: 1. Click Tất cả sản phẩm | D56: Đăng nhập vào hệ thống | E56: Hiển thị toàn bộ đánh giá | F56: Hiển thị toàn bộ đánh giá | G56: Passed | H56: 19/04/2026 | I56: Nữ
A57: FUNC-DSĐG09 | B57: Kiểm tra lọc theo khoảng ngày hợp lệ | C57: 1. Chọn từ ngày và đến ngày | D57: Đăng nhập vào hệ thống | E57: Hiển thị đúng đánh giá trong khoảng thời gian | F57: Hiển thị đúng đánh giá trong khoảng thời gian | G57: Passed | H57: 19/04/2026 | I57: Nữ
A58: FUNC-DSĐG10 | B58: Kiểm tra lọc ngày không hợp lệ (Từ ngày > Đến ngày) | C58: 1. Chọn khoảng ngày sai | D58: Đăng nhập vào hệ thống | E58: Báo lỗi hoặc không thực hiện lọc | F58: Báo lỗi hoặc không thực hiện lọc | G58: Passed | H58: 19/04/2026 | I58: Nữ
A59: FUNC-DSĐG11 | B59: Kiểm tra lọc theo số sao | C59: 1. Chọn 5 sao | D59: Đăng nhập vào hệ thống | E59: Chỉ hiển thị đánh giá đúng số sao | F59: Chỉ hiển thị đánh giá đúng số sao | G59: Passed | H59: 19/04/2026 | I59: Nữ
A60: FUNC-DSĐG12 | B60: Kiểm tra chọn “Tất cả sao” | C60: 1. Chọn Tất cả sao | D60: Đăng nhập vào hệ thống | E60: Hiển thị toàn bộ đánh giá | F60: Hiển thị toàn bộ đánh giá | G60: Passed | H60: 19/04/2026 | I60: Nữ
... A73: FUNC-DSĐG25 | B73: Kiểm tra tải lại trang (F5) | C73: 1. Refresh trình duyệt | D73: Đăng nhập vào hệ thống | E73: Trang tải lại bình thường, không lỗi | F73: Trang tải lại bình thường, không lỗi | G73: Passed | H73: 19/04/2026 | I73: Nữ

Sheet Chi tiết đánh giá
A1: Project Name | B1: XÂY DỰNG HỆ THỐNG THƯƠNG MẠI ĐIỆN TỬ MỸ PHẨM HAMONI COSMETIC VÀ CHATBOX AI TƯ VẤN KHÁCH HÀNG
A2: Module Code | B2: Chi tiết đánh giá
B3: Hoàn thành | C3: Lỗi | D3: Chưa kiểm tra | E3: Bị chăn | F3: Tổng số trường hợp thử nghiệm
A4: Round 1 | B4: 19 | C4: =COUNTIF('Phiếu nhập kho'!F11:F21,"Untested") -> 0 | D4: =COUNTIF('Phiếu nhập kho'!G11:G21,"Untested") -> 0 | E4: =COUNTIF('Phiếu nhập kho'!G11:G21,"Blocked") -> 0 | F4: 19
A5: Round 2 | B5: =COUNTIF('Phiếu nhập kho'!D12:D22,"Blocked") -> 0 | C5: =COUNTIF('Phiếu nhập kho'!E12:E22,"Blocked") -> 0 | D5: =COUNTIF('Phiếu nhập kho'!F12:F22,"Blocked") -> 0 | E5: =COUNTIF('Phiếu nhập kho'!G12:G22,"Blocked") -> 0 | F5: =COUNTIF('Phiếu nhập kho'!H12:H22,"Blocked") -> 0
A31: Test Case ID | B31: Mô tả | C31: Qui trình | D31: Điều kiện tiên quyết | E31: Kết quả mong đợi | F31: Kết quả thực tế | G31: Kết quả | J31: Kết quả | M31: Chú thích
G32: Vòng 1 | J32: Vòng 2
G33: Trạng thái | H33: Ngày kiểm tra | I33: Người kiểm tra | J33: Trạng thái | K33: Ngày kiểm tra | L33: Người kiểm tra
A34: GUI_SHOW Trang chi tiết đánh giá
A35: GUI-CTDG01 | B35: [Title] Chi tiết đánh giá | E35: - Text: Black - Status: Enable | F35: - Text: Black - Status: Enable | G35: Passed | H35: 19/04/2026 | I35: Nữ
A36: GUI-CTDG02 | B36: [Label] Khách hàng | E36: - Text: Black - Status: Enable | F36: - Text: Black - Status: Enable | G36: Passed | H36: 19/04/2026 | I36: Nữ
A37: GUI-CTDG03 | B37: [Label] Sản phẩm | E37: - Text: Black - Status: Enable | F37: - Text: Black - Status: Enable | G37: Passed | H37: 19/04/2026 | I37: Nữ
A38: GUI-CTDG04 | B38: [Label] Số sao | E38: - Text: Black - Status: Enable | F38: - Text: Black - Status: Enable | G38: Passed | H38: 19/04/2026 | I38: Nữ
A39: GUI-CTDG05 | B39: [Section] Nội dung đánh giá của khách | E39: - Text: Black - Status: Enable | F39: - Text: Black - Status: Enable | G39: Passed | H39: 19/04/2026 | I39: Nữ
A40: GUI-CTDG06 | B40: [Section] Nội dung phản hồi của shop | E40: - Text: Black - Status: Enable | F40: - Text: Black - Status: Enable | G40: Passed | H40: 19/04/2026 | I40: Nữ
A41: GUI-CTDG07 | B41: [Label] Thời gian | E41: - Text: Black - Status: Enable | F41: - Text: Black - Status: Enable | G41: Passed | H41: 19/04/2026 | I41: Nữ
A42: GUI-CTDG08 | B42: [Button] Đóng | E42: - Text: Black - Status: Enable | F42: - Text: Black - Status: Enable | G42: Passed | H42: 19/04/2026 | I42: Nữ
A43: GUI-CTDG09 | B43: [Button] Phản hồi | E43: - Text: Black - Status: Enable | F43: - Text: Black - Status: Enable | G43: Passed | H43: 19/04/2026 | I43: Nữ
A44: FUNCTION_SHOW Trang chi tiết đánh giá
A45: FUNC-CTDG01 | B45: Kiểm tra mở popup chi tiết đánh giá | C45: 1. Click vào một đánh giá | D45: Đăng nhập vào hệ thống | E45: Popup Chi tiết đánh giá được hiển thị | F45: Popup Chi tiết đánh giá được hiển thị | G45: Passed | H45: 19/04/2026 | I45: Nữ
A46: FUNC-CTDG02 | B46: Kiểm tra hiển thị tên khách hàng | C46: 1. Mở popup | D46: Đăng nhập vào hệ thống | E46: Hiển thị đúng tên khách hàng | F46: Hiển thị đúng tên khách hàng | G46: Passed | H46: 19/04/2026 | I46: Nữ
A47: FUNC-CTDG03 | B47: Kiểm tra hiển thị tên sản phẩm | C47: 1. Mở popup | D47: Đăng nhập vào hệ thống | E47: Hiển thị đúng tên sản phẩm | F47: Hiển thị đúng tên sản phẩm | G47: Passed | H47: 19/04/2026 | I47: Nữ
A48: FUNC-CTDG04 | B48: Kiểm tra hiển thị số sao | C48: 1. Mở popup | D48: Đăng nhập vào hệ thống | E48: Hiển thị đúng số lượng sao đánh giá | F48: Hiển thị đúng số lượng sao đánh giá | G48: Passed | H48: 19/04/2026 | I48: Nữ
A49: FUNC-CTDG05 | B49: Kiểm tra hiển thị nội dung đánh giá | C49: 1. Mở popup | D49: Đăng nhập vào hệ thống | E49: Hiển thị đúng nội dung khách hàng nhận xét | F49: Hiển thị đúng nội dung khách hàng nhận xét | G49: Passed | H49: 19/04/2026 | I49: Nữ
A50: FUNC-CTDG06 | B50: Kiểm tra hiển thị phản hồi của shop | C50: 1. Mở popup đánh giá đã phản hồi | D50: Đăng nhập vào hệ thống | E50: Hiển thị đúng nội dung phản hồi của shop | F50: Hiển thị đúng nội dung phản hồi của shop | G50: Passed | H50: 19/04/2026 | I50: Nữ
A51: FUNC-CTDG07 | B51: Kiểm tra hiển thị thời gian đánh giá | C51: 1. Mở popup | D51: Đăng nhập vào hệ thống | E51: Hiển thị đúng ngày giờ đánh giá | F51: Hiển thị đúng ngày giờ đánh giá | G51: Passed | H51: 19/04/2026 | I51: Nữ
A52: FUNC-CTDG08 | B52: Kiểm tra nút Đóng | C52: 1. Click nút Đóng | D52: Đăng nhập vào hệ thống | E52: Popup được đóng | F52: Popup được đóng | G52: Passed | H52: 19/04/2026 | I52: Nữ
A53: FUNC-CTDG09 | B53: Kiểm tra nút Phản hồi | C53: 1. Click nút Phản hồi | D53: Đăng nhập vào hệ thống | E53: Mở popup hoặc form phản hồi đánh giá | F53: Mở popup hoặc form phản hồi đánh giá | G53: Passed | H53: 19/04/2026 | I53: Nữ
A54: FUNC-CTDG10 | B54: Kiểm tra đóng popup bằng click ngoài vùng modal | C54: 1. Click ra ngoài popup | D54: Đăng nhập vào hệ thống | E54: Popup được đóng | F54: Popup được đóng | G54: Passed | H54: 19/04/2026 | I54: Nữ

Sheet Quản lý chatbot
A1: Project Name | B1: XÂY DỰNG HỆ THỐNG THƯƠNG MẠI ĐIỆN TỬ MỸ PHẨM HAMONI COSMETIC VÀ CHATBOX AI TƯ VẤN KHÁCH HÀNG
A2: Module Code | B2: Quản lý Chatbot
B3: Hoàn thành | C3: Lỗi | D3: Chưa kiểm tra | E3: Bị chăn | F3: Tổng số trường hợp thử nghiệm
A4: Round 1 | B4: 20 | C4: =COUNTIF('Phiếu nhập kho'!F11:F21,"Untested") -> 0 | D4: =COUNTIF('Phiếu nhập kho'!G11:G21,"Untested") -> 0 | E4: =COUNTIF('Phiếu nhập kho'!G11:G21,"Blocked") -> 0 | F4: 20
A5: Round 2 | B5: =COUNTIF('Phiếu nhập kho'!D12:D22,"Blocked") -> 0 | C5: =COUNTIF('Phiếu nhập kho'!E12:E22,"Blocked") -> 0 | D5: =COUNTIF('Phiếu nhập kho'!F12:F22,"Blocked") -> 0 | E5: =COUNTIF('Phiếu nhập kho'!G12:G22,"Blocked") -> 0 | F5: =COUNTIF('Phiếu nhập kho'!H12:H22,"Blocked") -> 0
A39: Test Case ID | B39: Mô tả | C39: Qui trình | D39: Điều kiện tiên quyết | E39: Kết quả mong đợi | F39: Kết quả thực tế | G39: Kết quả | J39: Kết quả | M39: Chú thích
G40: Vòng 1 | J40: Vòng 2
G41: Trạng thái | H41: Ngày kiểm tra | I41: Người kiểm tra | J41: Trạng thái | K41: Ngày kiểm tra | L41: Người kiểm tra
A42: GUI_SHOW Trang Quản lý chatbot
A43: GUI-QLAI01 | B43: [Title] Huấn luyện Hamoni AI | E43: - Text: Black - Status: Enable | F43: - Text: Black - Status: Enable | G43: Passed | H43: 19/04/2026 | I43: Nữ
A44: GUI-QLAI02 | B44: [Button] Lưu cấu hình | E44: - Text: Black - Status: Enable | F44: - Text: Black - Status: Enable | G44: Passed | H44: 19/04/2026 | I44: Nữ
A45: GUI-QLAI03 | B45: [Section] Định hình tính cách | E45: - Text: Black - Status: Enable | F45: - Text: Black - Status: Enable | G45: Passed | H45: 19/04/2026 | I45: Nữ
A46: GUI-QLAI04 | B46: [Textarea] Nội dung định hình tính cách | E46: - Text: Black - Status: Enable | F46: - Text: Black - Status: Enable | G46: Passed | H46: 19/04/2026 | I46: Nữ
A47: GUI-QLAI05 | B47: [Section] Nạp tài liệu kiến thức | E47: - Text: Black - Status: Enable | F47: - Text: Black - Status: Enable | G47: Passed | H47: 19/04/2026 | I47: Nữ
A48: GUI-QLAI06 | B48: [Upload Area] Kéo thả file hoặc click để chọn | E48: - Text: Black - Status: Enable | F48: - Text: Black - Status: Enable | G48: Passed | H48: 19/04/2026 | I48: Nữ
A49: GUI-QLAI07 | B49: [Section] Cửa sổ ngữ cảnh | E49: - Text: Black - Status: Enable | F49: - Text: Black - Status: Enable | G49: Passed | H49: 19/04/2026 | I49: Nữ
A50: GUI-QLAI08 | B50: [Status] Trạng thái đọc text | E50: - Text: Black - Status: Enable | F50: - Text: Black - Status: Enable | G50: Passed | H50: 19/04/2026 | I50: Nữ
A51: GUI-QLAI09 | B51: [Preview] Nội dung System Prompt | E51: - Text: Black - Status: Enable | F51: - Text: Black - Status: Enable | G51: Passed | H51: 19/04/2026 | I51: Nữ
A52: GUI-QLAI10 | B52: [Label] Số lượng Token dự kiến | E52: - Text: Black - Status: Enable | F52: - Text: Black - Status: Enable | G52: Passed | H52: 19/04/2026 | I52: Nữ
A53: FUNCTION_SHOW Trang Quản lý chatbot
A54: FUNC-QLAI01 | B54: Kiểm tra hiển thị trang | C54: 1. Truy cập trang | D54: Đăng nhập vào hệ thống | E54: Hiển thị đầy đủ các thành phần cấu hình AI | F54: Hiển thị đầy đủ các thành phần cấu hình AI | G54: Passed | H54: 19/04/2026 | I54: Nữ
A55: FUNC-QLAI02 | B55: Kiểm tra nhập nội dung tính cách | C55: 1. Nhập nội dung vào ô văn bản | D55: Đăng nhập vào hệ thống | E55: Nội dung được hiển thị và lưu tạm | F55: Nội dung được hiển thị và lưu tạm | G55: Passed | H55: 19/04/2026 | I55: Nữ
A56: FUNC-QLAI03 | B56: Kiểm tra upload file PDF/DOCX | C56: 1. Chọn file hợp lệ | D56: Đăng nhập vào hệ thống | E56: File được tải lên thành công | F56: File được tải lên thành công | G56: Passed | H56: 19/04/2026 | I56: Nữ
A57: FUNC-QLAI04 | B57: Kiểm tra upload file sai định dạng | C57: 1. Chọn file không phải PDF/DOCX | D57: Đăng nhập vào hệ thống | E57: Hiển thị thông báo lỗi | F57: Hiển thị thông báo lỗi | G57: Passed | H57: 19/04/2026 | I57: Nữ
A58: FUNC-QLAI05 | B58: Kiểm tra upload file quá 5MB | C58: 1. Chọn file lớn hơn 5MB | D58: Đăng nhập vào hệ thống | E58: Hiển thị thông báo vượt dung lượng | F58: Hiển thị thông báo vượt dung lượng | G58: Passed | H58: 19/04/2026 | I58: Nữ
A59: FUNC-QLAI06 | B59: Kiểm tra cập nhật cửa sổ ngữ cảnh | C59: 1. Upload file hợp lệ | D59: Đăng nhập vào hệ thống | E59: Nội dung preview được cập nhậP | F59: Nội dung preview được cập nhậP | G59: Passed | H59: 19/04/2026 | I59: Nữ
A60: FUNC-QLAI07 | B60: Kiểm tra hiển thị số token | C60: 1. Nhập nội dung hoặc upload file | D60: Đăng nhập vào hệ thống | E60: Số lượng token được cập nhật | F60: Số lượng token được cập nhật | G60: Passed | H60: 19/04/2026 | I60: Nữ
A61: FUNC-QLAI08 | B61: Kiểm tra nút Lưu cấu hình | C61: 1. Click Lưu cấu hình | D61: Đăng nhập vào hệ thống | E61: Cấu hình được lưu thành công | F61: Cấu hình được lưu thành công | G61: Passed | H61: 19/04/2026 | I61: Nữ
A62: FUNC-QLAI09 | B62: Kiểm tra dữ liệu sau khi refresh | C62: 1. Lưu cấu hình 2. Refresh trang | D62: Đăng nhập vào hệ thống | E62: Dữ liệu đã lưu vẫn được giữ nguyên | F62: Dữ liệu đã lưu vẫn được giữ nguyên | G62: Passed | H62: 19/04/2026 | I62: Nữ
A63: FUNC-QLAI10 | B63: Kiểm tra khi chưa có tài liệu | C63: 1. Truy cập trang chưa upload file | D63: Đăng nhập vào hệ thống | E63: Hiển thị thông báo chưa có dữ liệu | F63: Hiển thị thông báo chưa có dữ liệu | G63: Passed | H63: 19/04/2026 | I63: Nữ

Sheet Xem chi tiết đơn hàng
A1: Project Name | B1: XÂY DỰNG HỆ THỐNG THƯƠNG MẠI ĐIỆN TỬ MỸ PHẨM HAMONI COSMETIC VÀ CHATBOX AI TƯ VẤN KHÁCH HÀNG
A2: Module Code | B2: Xem chi tiết đơn hàng
B3: Hoàn thành | C3: Lỗi | D3: Chưa kiểm tra | E3: Bị chăn | F3: Tổng số trường hợp thử nghiệm
A4: Round 1 | B4: 32 | C4: =COUNTIF('Phiếu nhập kho'!F11:F21,"Untested") -> 0 | D4: =COUNTIF('Phiếu nhập kho'!G11:G21,"Untested") -> 0 | E4: =COUNTIF('Phiếu nhập kho'!G11:G21,"Blocked") -> 0 | F4: 32
A5: Round 2 | B5: =COUNTIF('Phiếu nhập kho'!D12:D22,"Blocked") -> 0 | C5: =COUNTIF('Phiếu nhập kho'!E12:E22,"Blocked") -> 0 | D5: =COUNTIF('Phiếu nhập kho'!F12:F22,"Blocked") -> 0 | E5: =COUNTIF('Phiếu nhập kho'!G12:G22,"Blocked") -> 0 | F5: =COUNTIF('Phiếu nhập kho'!H12:H22,"Blocked") -> 0
A27: Test Case ID | B27: Mô tả | C27: Qui trình | D27: Điều kiện tiên quyết | E27: Kết quả mong đợi | F27: Kết quả thực tế | G27: Kết quả | J27: Kết quả | M27: Chú thích
G28: Vòng 1 | J28: Vòng 2
G29: Trạng thái | H29: Ngày kiểm tra | I29: Người kiểm tra | J29: Trạng thái | K29: Ngày kiểm tra | L29: Người kiểm tra
A30: GUI_SHOW Trang Xem chi tiết đơn hàng
A31: GUI-XCTDH01 | B31: [Title] Đơn hàng #15 | E31: - Text: Black - Status: Enable | F31: - Text: Black - Status: Enable | G31: Passed | H31: 19/04/2026 | I31: Nữ
A32: GUI-XCTDH02 | B32: [Label] Trạng thái đơn hàng | E32: - Text: Black - Status: Enable | F32: - Text: Black - Status: Enable | G32: Passed | H32: 19/04/2026 | I32: Nữ
A33: GUI-XCTDH03 | B33: [Stepper] Tiến trình đơn hàng | E33: - Text: Black - Status: Enable | F33: - Text: Black - Status: Enable | G33: Passed | H33: 19/04/2026 | I33: Nữ
A34: GUI-XCTDH04 | B34: [Section] Thông tin nhận hàng | E34: - Text: Black - Status: Enable | F34: - Text: Black - Status: Enable | G34: Passed | H34: 19/04/2026 | I34: Nữ
A35: GUI-XCTDH05 | B35: Field] Người nhận | E35: - Text: Black - Status: Enable | F35: - Text: Black - Status: Enable | G35: Passed | H35: 19/04/2026 | I35: Nữ
A36: GUI-XCTDH06 | B36: [Field] SĐT | E36: - Text: Black - Status: Enable | F36: - Text: Black - Status: Enable | G36: Passed | H36: 19/04/2026 | I36: Nữ
A37: GUI-XCTDH07 | B37: [Field] Email | E37: - Text: Black - Status: Enable | F37: - Text: Black - Status: Enable | G37: Passed | H37: 19/04/2026 | I37: Nữ
A38: GUI-XCTDH08 | B38: [Field] Địa chỉ | E38: - Text: Black - Status: Enable | F38: - Text: Black - Status: Enable | G38: Passed | H38: 19/04/2026 | I38: Nữ
A39: GUI-XCTDH09 | B39: [Section] Danh sách sản phẩm | E39: - Text: Black - Status: Enable | F39: - Text: Black - Status: Enable | G39: Passed | H39: 19/04/2026 | I39: Nữ
A40: GUI-XCTDH10 | B40: [Product Item] Hình ảnh, tên, số lượng, giá | E40: - Text: Black - Status: Enable | F40: - Text: Black - Status: Enable | G40: Passed | H40: 19/04/2026 | I40: Nữ
A41: GUI-XCTDH11 | B41: [Section] Tóm tắt thanh toán | E41: - Text: Black - Status: Enable | F41: - Text: Black - Status: Enable | G41: Passed | H41: 19/04/2026 | I41: Nữ
A42: GUI-XCTDH12 | B42: [Field] Tổng tiền hàng | E42: - Text: Black - Status: Enable | F42: - Text: Black - Status: Enable | G42: Passed | H42: 19/04/2026 | I42: Nữ
... A47: GUI-XCTDH17 | B47: [Link] Quay lại | E47: - Text: Black - Status: Enable | F47: - Text: Black - Status: Enable | G47: Passed | H47: 19/04/2026 | I47: Nữ
A48: FUNCTION_SHOW Trang Xem chi tiết đơn hàng
A49: FUNC-XCTDH01 | B49: Kiểm tra hiển thị chi tiết đơn hàng | C49: 1. Truy cập trang chi tiết đơn hàng | D49: Đăng nhập vào hệ thống | E49: Hiển thị đầy đủ thông tin đơn hàng | F49: Hiển thị đầy đủ thông tin đơn hàng | G49: Passed | H49: 19/04/2026 | I49: Nữ
A50: FUNC-XCTDH02 | B50: Kiểm tra hiển thị đúng mã đơn hàng | C50: 1. Quan sát tiêu đề | D50: Đăng nhập vào hệ thống | E50: Tiêu đề hiển thị đúng mã đơn (#15) | F50: Tiêu đề hiển thị đúng mã đơn (#15) | G50: Passed | H50: 19/04/2026 | I50: Nữ
A51: FUNC-XCTDH03 | B51: Kiểm tra hiển thị đúng trạng thái đơn hàng | C51: 1. Quan sát trạng thái | D51: Đăng nhập vào hệ thống | E51: Trạng thái hiển thị đúng với dữ liệu hệ thống | F51: Trạng thái hiển thị đúng với dữ liệu hệ thống | G51: Passed | H51: 19/04/2026 | I51: Nữ
A52: FUNC-XCTDH04 | B52: Kiểm tra stepper tiến trình đơn hàng | C52: 1. Quan sát thanh tiến trình | D52: Đăng nhập vào hệ thống | E52: Bước hiện tại được tô nổi bật đúng trạng thái | F52: Bước hiện tại được tô nổi bật đúng trạng thái | G52: Passed | H52: 19/04/2026 | I52: Nữ
A53: FUNC-XCTDH05 | B53: Kiểm tra hiển thị thông tin người nhận | C53: 1. Quan sát phần nhận hàng | D53: Đăng nhập vào hệ thống | E53: Hiển thị đúng tên, SĐT, email, địa chỉ | F53: Hiển thị đúng tên, SĐT, email, địa chỉ | G53: Passed | H53: 19/04/2026 | I53: Nữ
A54: FUNC-XCTDH06 | B54: Kiểm tra hiển thị danh sách sản phẩm | C54: 1. Quan sát danh sách sản phẩm | D54: Đăng nhập vào hệ thống | E54: Hiển thị đúng hình ảnh, tên, số lượng, giá | F54: Hiển thị đúng hình ảnh, tên, số lượng, giá | G54: Passed | H54: 19/04/2026 | I54: Nữ
A55: FUNC-XCTDH07 | B55: Kiểm tra tính tổng thanh toán | C55: 1. So sánh tổng tiền hàng, phí ship, giảm giá và tổng cộng | D55: Đăng nhập vào hệ thống | E55: Tổng cộng = Tổng tiền hàng + Phí vận chuyển - Giảm giá | F55: Tổng cộng = Tổng tiền hàng + Phí vận chuyển - Giảm giá | G55: Passed | H55: 19/04/2026 | I55: Nữ
A56: FUNC-XCTDH08 | B56: Kiểm tra định dạng tiền tệ | C56: 1. Quan sát các giá trị tiền | D56: Đăng nhập vào hệ thống | E56: Hiển thị đúng định dạng VNĐ | F56: Hiển thị đúng định dạng VNĐ | G56: Passed | H56: 19/04/2026 | I56: Nữ
A57: FUNC-XCTDH09 | B57: Kiểm tra nút Hủy đơn khi trạng thái Chờ xác nhận | C57: 1. Quan sát nút Hủy đơn | D57: Đăng nhập vào hệ thống | E57: Nút được hiển thị và có thể nhấn | F57: Nút được hiển thị và có thể nhấn | G57: Passed | H57: 19/04/2026 | I57: Nữ
A58: FUNC-XCTDH10 | B58: Kiểm tra chức năng Hủy đơn | C58: 1. Click Hủy đơn 2. Xác nhận | D58: Đăng nhập vào hệ thống | E58: Đơn hàng chuyển sang trạng thái đã hủy | F58: Đơn hàng chuyển sang trạng thái đã hủy | G58: Passed | H58: 19/04/2026 | I58: Nữ
A59: FUNC-XCTDH11 | B59: Kiểm tra ẩn nút Hủy đơn ở trạng thái không cho phép | C59: 1. Mở đơn hàng đã xác nhận/đang giao | D59: Đăng nhập vào hệ thống | E59: Nút Hủy đơn không hiển thị hoặc bị vô hiệu hóa | F59: Nút Hủy đơn không hiển thị hoặc bị vô hiệu hóa | G59: Passed | H59: 19/04/2026 | I59: Nữ
A60: FUNC-XCTDH12 | B60: Kiểm tra link Quay lại | C60: 1. Click Quay lại | D60: Đăng nhập vào hệ thống | E60: Quay về trang danh sách đơn hàng | F60: Quay về trang danh sách đơn hàng | G60: Passed | H60: 19/04/2026 | I60: Nữ
... A63: FUNC-XCTDH15 | B63: Kiểm tra khi refresh trang | C63: 1. Nhấn F5 | D63: Đăng nhập vào hệ thống | E63: Dữ liệu được tải lại chính xác | F63: Dữ liệu được tải lại chính xác | G63: Passed | H63: 19/04/2026 | I63: Nữ

Sheet Xem lịch sử đơn hàng
A1: Project Name | B1: XÂY DỰNG HỆ THỐNG THƯƠNG MẠI ĐIỆN TỬ MỸ PHẨM HAMONI COSMETIC VÀ CHATBOX AI TƯ VẤN KHÁCH HÀNG
A2: Module Code | B2: Xem lịch sử đơn hàng
B3: Hoàn thành | C3: Lỗi | D3: Chưa kiểm tra | E3: Bị chăn | F3: Tổng số trường hợp thử nghiệm
A4: Round 1 | B4: 24 | C4: =COUNTIF('Phiếu nhập kho'!F11:F21,"Untested") -> 0 | D4: =COUNTIF('Phiếu nhập kho'!G11:G21,"Untested") -> 0 | E4: =COUNTIF('Phiếu nhập kho'!G11:G21,"Blocked") -> 0 | F4: 24
A5: Round 2 | B5: =COUNTIF('Phiếu nhập kho'!D12:D22,"Blocked") -> 0 | C5: =COUNTIF('Phiếu nhập kho'!E12:E22,"Blocked") -> 0 | D5: =COUNTIF('Phiếu nhập kho'!F12:F22,"Blocked") -> 0 | E5: =COUNTIF('Phiếu nhập kho'!G12:G22,"Blocked") -> 0 | F5: =COUNTIF('Phiếu nhập kho'!H12:H22,"Blocked") -> 0
A37: Test Case ID | B37: Mô tả | C37: Qui trình | D37: Điều kiện tiên quyết | E37: Kết quả mong đợi | F37: Kết quả thực tế | G37: Kết quả | J37: Kết quả | M37: Chú thích
G38: Vòng 1 | J38: Vòng 2
G39: Trạng thái | H39: Ngày kiểm tra | I39: Người kiểm tra | J39: Trạng thái | K39: Ngày kiểm tra | L39: Người kiểm tra
A40: GUI_SHOW Trang Xem lịch sử đơn hàng
A41: GUI-XLSDH01 | B41: [Title] Lịch sử đơn hàng của tôi | E41: - Text: Black - Status: Enable | F41: - Text: Black - Status: Enable | G41: Passed | H41: 19/04/2026 | I41: Nữ
A42: GUI-XLSDH02 | B42: [Breadcrumb] Trang chủ / Tài khoản | E42: - Text: Black - Status: Enable | F42: - Text: Black - Status: Enable | G42: Passed | H42: 19/04/2026 | I42: Nữ
A43: GUI-XLSDH03 | B43: [Dropdown] Chọn năm | E43: - Text: Black - Status: Enable | F43: - Text: Black - Status: Enable | G43: Passed | H43: 19/04/2026 | I43: Nữ
A44: GUI-XLSDH04 | B44: [List] Danh sách đơn hàng | E44: - Text: Black - Status: Enable | F44: - Text: Black - Status: Enable | G44: Passed | H44: 19/04/2026 | I44: Nữ
A45: GUI-XLSDH05 | B45: [Card] Thông tin đơn hàng | E45: - Text: Black - Status: Enable | F45: - Text: Black - Status: Enable | G45: Passed | H45: 19/04/2026 | I45: Nữ
A46: GUI-XLSDH06 | B46: [Field] Mã đơn hàng | E46: - Text: Black - Status: Enable | F46: - Text: Black - Status: Enable | G46: Passed | H46: 19/04/2026 | I46: Nữ
A47: GUI-XLSDH07 | B47: [Field] Ngày đặt | E47: - Text: Black - Status: Enable | F47: - Text: Black - Status: Enable | G47: Passed | H47: 19/04/2026 | I47: Nữ
A48: GUI-XLSDH08 | B48: [Field] Tổng cộng | E48: - Text: Black - Status: Enable | F48: - Text: Black - Status: Enable | G48: Passed | H48: 19/04/2026 | I48: Nữ
A49: GUI-XLSDH09 | B49: [Badge] Trạng thái đơn hàng | E49: - Text: Black - Status: Enable | F49: - Text: Black - Status: Enable | G49: Passed | H49: 19/04/2026 | I49: Nữ
A50: GUI-XLSDH10 | B50: [Field] Số lượng sản phẩm | E50: - Text: Black - Status: Enable | F50: - Text: Black - Status: Enable | G50: Passed | H50: 19/04/2026 | I50: Nữ
A51: GUI-XLSDH11 | B51: [Pagination] Phân trang | E51: - Text: Black - Status: Enable | F51: - Text: Black - Status: Enable | G51: Passed | H51: 19/04/2026 | I51: Nữ
A52: FUNCTION_SHOW Trang Xem lịch sử đơn hàng
A53: FUNC-XLSDH01 | B53: Kiểm tra hiển thị danh sách đơn hàng | C53: 1. Truy cập trang | D53: Đăng nhập vào hệ thống | E53: Hiển thị danh sách đơn hàng của người dùng | F53: Hiển thị danh sách đơn hàng của người dùng | G53: Passed | H53: 19/04/2026 | I53: Nữ
A54: FUNC-XLSDH02 | B54: Kiểm tra lọc theo năm | C54: 1. Chọn năm khác trong dropdown | D54: Đăng nhập vào hệ thống | E54: Chỉ hiển thị các đơn hàng của năm được chọn | F54: Chỉ hiển thị các đơn hàng của năm được chọn | G54: Passed | H54: 19/04/2026 | I54: Nữ
A55: FUNC-XLSDH03 | B55: Kiểm tra hiển thị đúng mã đơn hàng | C55: 1. Quan sát danh sách | D55: Đăng nhập vào hệ thống | E55: Mỗi đơn hiển thị đúng mã đơn hàng | F55: Mỗi đơn hiển thị đúng mã đơn hàng | G55: Passed | H55: 19/04/2026 | I55: Nữ
A56: FUNC-XLSDH04 | B56: Kiểm tra hiển thị đúng ngày đặt | C56: 1. Quan sát danh sách | D56: Đăng nhập vào hệ thống | E56: Hiển thị đúng ngày giờ đặt hàng | F56: Hiển thị đúng ngày giờ đặt hàng | G56: Passed | H56: 19/04/2026 | I56: Nữ
A57: FUNC-XLSDH05 | B57: Kiểm tra hiển thị đúng tổng cộng | C57: 1. Quan sát danh sách | D57: Đăng nhập vào hệ thống | E57: Hiển thị đúng tổng tiền của từng đơn | F57: Hiển thị đúng tổng tiền của từng đơn | G57: Passed | H57: 19/04/2026 | I57: Nữ
A58: FUNC-XLSDH06 | B58: Kiểm tra định dạng tiền tệ | C58: 1. Quan sát tổng cộng | D58: Đăng nhập vào hệ thống | E58: Tiền hiển thị đúng định dạng VNĐ | F58: Tiền hiển thị đúng định dạng VNĐ | G58: Passed | H58: 19/04/2026 | I58: Nữ
A59: FUNC-XLSDH07 | B59: Kiểm tra hiển thị trạng thái đơn hàng | C59: 1. Quan sát badge trạng thái | D59: Đăng nhập vào hệ thống | E59: Hiển thị đúng trạng thái (Chờ xác nhận, Đã hủy, ...) | F59: Hiển thị đúng trạng thái (Chờ xác nhận, Đã hủy, ...) | G59: Passed | H59: 19/04/2026 | I59: Nữ
A60: FUNC-XLSDH08 | B60: Kiểm tra hiển thị số lượng sản phẩm | C60: 1. Quan sát cột sản phẩm | D60: Đăng nhập vào hệ thống | E60: Hiển thị đúng số lượng sản phẩm trong đơn | F60: Hiển thị đúng số lượng sản phẩm trong đơn | G60: Passed | H60: 19/04/2026 | I60: Nữ
A61: FUNC-XLSDH09 | B61: Kiểm tra phân trang | C61: 1. Click trang 2 | D61: Đăng nhập vào hệ thống | E61: Hiển thị đúng dữ liệu của trang được chọn | F61: Hiển thị đúng dữ liệu của trang được chọn | G61: Passed | H61: 19/04/2026 | I61: Nữ
A62: FUNC-XLSDH10 | B62: Kiểm tra nút Trước/Sau | C62: 1. Click nút Trước hoặc Sau | D62: Đăng nhập vào hệ thống | E62: Chuyển đúng sang trang trước/sau | F62: Chuyển đúng sang trang trước/sau | G62: Passed | H62: 19/04/2026 | I62: Nữ
A63: FUNC-XLSDH11 | B63: Kiểm tra khi không có đơn hàng | C63: 1. Chọn năm không có dữ liệu | D63: Đăng nhập vào hệ thống | E63: Hiển thị trạng thái không có đơn hàng | F63: Hiển thị trạng thái không có đơn hàng | G63: Passed | H63: 19/04/2026 | I63: Nữ
A64: FUNC-XLSDH12 | B64: Kiểm tra refresh trang | C64: 1. Nhấn F5 | D64: Đăng nhập vào hệ thống | E64: Dữ liệu vẫn hiển thị chính xá | F64: Dữ liệu vẫn hiển thị chính xá | G64: Passed | H64: 19/04/2026 | I64: Nữ
A65: FUNC-XLSDH13 | B65: Kiểm tra dữ liệu null | C65: 1. API trả về thiếu dữ liệu | D65: Đăng nhập vào hệ thống | E65: Trang vẫn hiển thị, không bị lỗI | F65: Trang vẫn hiển thị, không bị lỗI | G65: Passed | H65: 19/04/2026 | I65: Nữ

Sheet Thống kê báo cáo
A1: Project Name | B1: XÂY DỰNG HỆ THỐNG THƯƠNG MẠI ĐIỆN TỬ MỸ PHẨM HAMONI COSMETIC VÀ CHATBOX AI TƯ VẤN KHÁCH HÀNG
A2: Module Code | B2: Thống kê báo cáo
B3: Hoàn thành | C3: Lỗi | D3: Chưa kiểm tra | E3: Bị chăn | F3: Tổng số trường hợp thử nghiệm
A4: Round 1 | B4: 22 | C4: =COUNTIF('Phiếu nhập kho'!F11:F21,"Untested") -> 0 | D4: =COUNTIF('Phiếu nhập kho'!G11:G21,"Untested") -> 0 | E4: =COUNTIF('Phiếu nhập kho'!G11:G21,"Blocked") -> 0 | F4: 22
A5: Round 2 | B5: =COUNTIF('Phiếu nhập kho'!D12:D22,"Blocked") -> 0 | C5: =COUNTIF('Phiếu nhập kho'!E12:E22,"Blocked") -> 0 | D5: =COUNTIF('Phiếu nhập kho'!F12:F22,"Blocked") -> 0 | E5: =COUNTIF('Phiếu nhập kho'!G12:G22,"Blocked") -> 0 | F5: =COUNTIF('Phiếu nhập kho'!H12:H22,"Blocked") -> 0
A37: Test Case ID | B37: Mô tả | C37: Qui trình | D37: Điều kiện tiên quyết | E37: Kết quả mong đợi | F37: Kết quả thực tế | G37: Kết quả | J37: Kết quả | M37: Chú thích
G38: Vòng 1 | J38: Vòng 2
G39: Trạng thái | H39: Ngày kiểm tra | I39: Người kiểm tra | J39: Trạng thái | K39: Ngày kiểm tra | L39: Người kiểm tra
A40: GUI_SHOW Trang Thống kê báo cáo
A41: GUI-TKBC01 | B41: [Title] Thống kê nhanh | E41: - Text: Black - Status: Enable | F41: - Text: Black - Status: Enable | G41: Passed | H41: 19/04/2026 | I41: Nữ
A42: GUI-TKBC02 | B42: [Card] Tổng số đơn | E42: - Text: Black - Status: Enable | F42: - Text: Black - Status: Enable | G42: Passed | H42: 19/04/2026 | I42: Nữ
A43: GUI-TKBC03 | B43: [Card] Tổng doanh thu (VNĐ) | E43: - Text: Black - Status: Enable | F43: - Text: Black - Status: Enable | G43: Passed | H43: 19/04/2026 | I43: Nữ
A44: GUI-TKBC04 | B44: [Card] Tổng sản phẩm đã bán | E44: - Text: Black - Status: Enable | F44: - Text: Black - Status: Enable | G44: Passed | H44: 19/04/2026 | I44: Nữ
A45: GUI-TKBC05 | B45: [Card] TB mỗi đơn (VNĐ) | E45: - Text: Black - Status: Enable | F45: - Text: Black - Status: Enable | G45: Passed | H45: 19/04/2026 | I45: Nữ
A46: GUI-TKBC06 | B46: [Field] Từ ngày | E46: - Text: Black - Status: Enable | F46: - Text: Black - Status: Enable | G46: Passed | H46: 19/04/2026 | I46: Nữ
A47: GUI-TKBC07 | B47: [Field] Đến ngày | E47: - Text: Black - Status: Enable | F47: - Text: Black - Status: Enable | G47: Passed | H47: 19/04/2026 | I47: Nữ
A48: GUI-TKBC08 | B48: [Dropdown] Sản phẩm | E48: - Text: Black - Status: Enable | F48: - Text: Black - Status: Enable | G48: Passed | H48: 19/04/2026 | I48: Nữ
A49: GUI-TKBC09 | B49: [Button] Xem biểu đồ | E49: - Text: Black - Status: Enable | F49: - Text: Black - Status: Enable | G49: Passed | H49: 19/04/2026 | I49: Nữ
A50: GUI-TKBC10 | B50: [Button] Làm mới | E50: - Text: Black - Status: Enable | F50: - Text: Black - Status: Enable | G50: Passed | H50: 19/04/2026 | I50: Nữ
A51: GUI-TKBC11 | B51: [Chart] Biểu đồ doanh thu | E51: - Text: Black - Status: Enable | F51: - Text: Black - Status: Enable | G51: Passed | H51: 19/04/2026 | I51: Nữ
A52: GUI-TKBC12 | B52: [Chart] Biểu đồ số đơn hàng | E52: - Text: Black - Status: Enable | F52: - Text: Black - Status: Enable | G52: Passed | H52: 19/04/2026 | I52: Nữ
A53: FUNCTION_SHOW Trang Thống kê báo cáo
A54: FUNC-XLSDH01 | B54: Kiểm tra hiển thị thống kê nhanh | C54: 1. Truy cập trang | D54: Đăng nhập vào hệ thống | E54: Hiển thị đúng các chỉ số tổng quan | F54: Hiển thị đúng các chỉ số tổng quan | G54: Passed | H54: 19/04/2026 | I54: Nữ
A55: FUNC-XLSDH02 | B55: Kiểm tra lọc theo ngày | C55: 1. Chọn Từ ngày và Đến ngày | D55: Đăng nhập vào hệ thống | E55: Dữ liệu được lọc đúng theo khoảng thời gian | F55: Dữ liệu được lọc đúng theo khoảng thời gian | G55: Passed | H55: 19/04/2026 | I55: Nữ
A56: FUNC-XLSDH03 | B56: Kiểm tra lọc theo sản phẩm | C56: 1. Chọn sản phẩm trong dropdown | D56: Đăng nhập vào hệ thống | E56: Chỉ hiển thị dữ liệu của sản phẩm được chọn | F56: Chỉ hiển thị dữ liệu của sản phẩm được chọn | G56: Passed | H56: 19/04/2026 | I56: Nữ
A57: FUNC-XLSDH04 | B57: Kiểm tra nút Xem biểu đồ | C57: 1. Chọn điều kiện 2. Click Xem biểu đồ | D57: Đăng nhập vào hệ thống | E57: Biểu đồ cập nhật đúng dữ liệu | F57: Biểu đồ cập nhật đúng dữ liệu | G57: Passed | H57: 19/04/2026 | I57: Nữ
A58: FUNC-XLSDH05 | B58: Kiểm tra nút Làm mới | C58: 1. Click nút Làm mới | D58: Đăng nhập vào hệ thống | E58: Reset bộ lọc và dữ liệu ban đầu | F58: Reset bộ lọc và dữ liệu ban đầu | G58: Passed | H58: 19/04/2026 | I58: Nữ
A59: FUNC-XLSDH06 | B59: Kiểm tra biểu đồ doanh thu | C59: 1. Quan sát biểu đồ | D59: Đăng nhập vào hệ thống | E59: Hiển thị đúng doanh thu theo từng tháng | F59: Hiển thị đúng doanh thu theo từng tháng | G59: Passed | H59: 19/04/2026 | I59: Nữ
A60: FUNC-XLSDH07 | B60: Kiểm tra biểu đồ số đơn hàng | C60: 1. Quan sát biểu đồ | D60: Đăng nhập vào hệ thống | E60: Hiển thị đúng số đơn hàng theo từng tháng | F60: Hiển thị đúng số đơn hàng theo từng tháng | G60: Passed | H60: 19/04/2026 | I60: Nữ
A61: FUNC-XLSDH08 | B61: Kiểm tra khi không có dữ liệu | C61: 1. Chọn khoảng thời gian không có dữ liệu | D61: Đăng nhập vào hệ thống | E61: Hiển thị trạng thái không có dữ liệu | F61: Hiển thị trạng thái không có dữ liệu | G61: Passed | H61: 19/04/2026 | I61: Nữ
A62: FUNC-XLSDH09 | B62: Kiểm tra refresh trang | C62: 1. Nhấn F5 | D62: Đăng nhập vào hệ thống | E62: Dữ liệu vẫn hiển thị chính xác | F62: Dữ liệu vẫn hiển thị chính xác | G62: Passed | H62: 19/04/2026 | I62: Nữ
A63: FUNC-XLSDH10 | B63: Kiểm tra dữ liệu null | C63: 1. API trả về thiếu dữ liệu | D63: Đăng nhập vào hệ thống | E63: Trang vẫn hiển thị, không bị lỗi | F63: Trang vẫn hiển thị, không bị lỗi | G63: Passed | H63: 19/04/2026 | I63: Nữ

Sheet Đánh giá sản phẩm
A1: Project Name | B1: XÂY DỰNG HỆ THỐNG THƯƠNG MẠI ĐIỆN TỬ MỸ PHẨM HAMONI COSMETIC VÀ CHATBOX AI TƯ VẤN KHÁCH HÀNG
A2: Module Code | B2: Đánh giá sản phẩm
B3: Hoàn thành | C3: Lỗi | D3: Chưa kiểm tra | E3: Bị chăn | F3: Tổng số trường hợp thử nghiệm
A4: Round 1 | B4: 15 | C4: =COUNTIF('Phiếu nhập kho'!F11:F21,"Untested") -> 0 | D4: =COUNTIF('Phiếu nhập kho'!G11:G21,"Untested") -> 0 | E4: =COUNTIF('Phiếu nhập kho'!G11:G21,"Blocked") -> 0 | F4: 15
A5: Round 2 | B5: =COUNTIF('Phiếu nhập kho'!D12:D22,"Blocked") -> 0 | C5: =COUNTIF('Phiếu nhập kho'!E12:E22,"Blocked") -> 0 | D5: =COUNTIF('Phiếu nhập kho'!F12:F22,"Blocked") -> 0 | E5: =COUNTIF('Phiếu nhập kho'!G12:G22,"Blocked") -> 0 | F5: =COUNTIF('Phiếu nhập kho'!H12:H22,"Blocked") -> 0
A37: Test Case ID | B37: Mô tả | C37: Qui trình | D37: Điều kiện tiên quyết | E37: Kết quả mong đợi | F37: Kết quả thực tế | G37: Kết quả | J37: Kết quả | M37: Chú thích
G38: Vòng 1 | J38: Vòng 2
G39: Trạng thái | H39: Ngày kiểm tra | I39: Người kiểm tra | J39: Trạng thái | K39: Ngày kiểm tra | L39: Người kiểm tra
A40: GUI_SHOW Trang Đánh giá sản phẩm
A41: GUI-DGSP01 | B41: [Title] Đánh giá sản phẩm | E41: - Text: Black - Status: Enable | F41: - Text: Black - Status: Enable | G41: Passed | H41: 19/04/2026 | I41: Nữ
A42: GUI-DGSP02 | B42: [Image] Hình ảnh sản phẩm | E42: - Text: Black - Status: Enable | F42: - Text: Black - Status: Enable | G42: Passed | H42: 19/04/2026 | I42: Nữ
A43: GUI-DGSP03 | B43: [Field] Tên sản phẩm | E43: - Text: Black - Status: Enable | F43: - Text: Black - Status: Enable | G43: Passed | H43: 19/04/2026 | I43: Nữ
A44: GUI-DGSP04 | B44: [Rating] Mức độ hài lòng của bạn | E44: - Text: Black - Status: Enable | F44: - Text: Black - Status: Enable | G44: Passed | H44: 19/04/2026 | I44: Nữ
A45: GUI-DGSP05 | B45: [Textarea] Nội dung đánh giá | E45: - Text: Black - Status: Enable | F45: - Text: Black - Status: Enable | G45: Passed | H45: 19/04/2026 | I45: Nữ
A46: GUI-DGSP06 | B46: [Upload] Hình ảnh & Video thực tế | E46: - Text: Black - Status: Enable | F46: - Text: Black - Status: Enable | G46: Passed | H46: 19/04/2026 | I46: Nữ
A47: GUI-DGSP07 | B47: [Button] Gửi đánh giá | E47: - Text: Black - Status: Enable | F47: - Text: Black - Status: Enable | G47: Passed | H47: 19/04/2026 | I47: Nữ
A48: FUNCTION_SHOW Trang Đánh giá sản phẩm
A49: FUNC-DGSP01 | B49: Kiểm tra hiển thị thông tin sản phẩm | C49: 1. Truy cập trang đánh giá | D49: Đăng nhập vào hệ thống | E49: Hiển thị đúng hình ảnh và tên sản phẩm | F49: Hiển thị đúng hình ảnh và tên sản phẩm | G49: Passed | H49: 19/04/2026 | I49: Nữ
A50: FUNC-DGSP02 | B50: Kiểm tra chọn số sao đánh giá | C50: 1. Click chọn số sao | D50: Đăng nhập vào hệ thống | E50: Hệ thống ghi nhận đúng số sao đã chọn | F50: Hệ thống ghi nhận đúng số sao đã chọn | G50: Passed | H50: 19/04/2026 | I50: Nữ
A51: FUNC-DGSP03 | B51: Kiểm tra nhập nội dung đánh giá | C51: 1. Nhập nội dung vào ô đánh giá | D51: Đăng nhập vào hệ thống | E51: Nội dung được nhập và hiển thị đúng | F51: Nội dung được nhập và hiển thị đúng | G51: Passed | H51: 19/04/2026 | I51: Nữ
A52: FUNC-DGSP04 | B52: Kiểm tra upload hình ảnh/video | C52: 1. Click thêm ảnh/video 2. Chọn file | D52: Đăng nhập vào hệ thống | E52: File được tải lên thành công | F52: File được tải lên thành công | G52: Passed | H52: 19/04/2026 | I52: Nữ
A53: FUNC-DGSP05 | B53: Kiểm tra giới hạn số lượng file upload | C53: 1. Upload vượt quá giới hạn cho phép | D53: Đăng nhập vào hệ thống | E53: Hiển thị cảnh báo vượt quá số lượng | F53: Hiển thị cảnh báo vượt quá số lượng | G53: Passed | H53: 19/04/2026 | I53: Nữ
A54: FUNC-DGSP06 | B54: Kiểm tra nút Gửi đánh giá | C54: 1. Nhập đầy đủ thông tin 2. Click Gửi | D54: Đăng nhập vào hệ thống | E54: Đánh giá được gửi thành công | F54: Đánh giá được gửi thành công | G54: Passed | H54: 19/04/2026 | I54: Nữ
A55: FUNC-DGSP07 | B55: Kiểm tra khi bỏ trống đánh giá số sao | C55: 1. Không nhập số sao 2. Click Gửi | D55: Đăng nhập vào hệ thống | E55: Hiển thị cảnh báo bắt buộc nhập | F55: Hiển thị cảnh báo bắt buộc nhập | G55: Passed | H55: 19/04/2026 | I55: Nữ
A56: FUNC-DGSP08 | B56: Kiểm tra refresh trang | C56: 1. Nhấn F5 | D56: Đăng nhập vào hệ thống | E56: Trang vẫn hiển thị đúng dữ liệu | F56: Trang vẫn hiển thị đúng dữ liệu | G56: Passed | H56: 19/04/2026 | I56: Nữ
