Workbook

Sheet Sprint 1
A1: Project name: | C1: Xây dựng hệ thống thương mại điện tử mỹ phẩm Hamoni Cosmetic tích hợp Chatbox AI | F1: Kết thúc đúng hạn
A2: Module name: | C2: Sprint 1 | F2: Muộn
A3: Start date: | C3: 22/03/2026 | F3: Trước thời hạn
A4: End date: | C4: 46057
B6: SPRINT 1 REPORT
B7: No | C7: Thành viên | D7: Thực tế | E7: Ước tính
B8: 1 | C8: Nguyễn Công Thành | D8: =SUMIF($E$16:$F$113,"Thành",$G$16:$G$113) +SUMIF($E$16:$F$113,"All team",$G$16:$G$113)/5 +SUMIF($E$16:$F$113,"Thành, Phương, Việt, Tấn",$G$16:$G$113)/4 -> 34.25 | E8: =SUMIF($E$16:$F$113,"Thành",$H$16:$H$113) +SUMIF($E$16:$F$113,"All team",$H$16:$H$113)/5 +SUMIF($E$16:$F$113,"Thành, Phương, Việt, Tấn",$H$16:$H$113)/4 -> 39.25
B9: 2 | C9: Nhan Thị Ngọc Nữ | D9: =SUMIF($E$16:$F$113,"Nữ",$G$16:$G$113) +SUMIF($E$16:$F$113,"All team",$G$16:$G$113)/5 -> 54 | E9: =SUMIF($E$16:$F$113,"Nữ",$H$16:$H$113) +SUMIF($E$16:$F$113,"All team",$H$16:$H$113)/5 -> 52
B10: 3 | C10: Đinh Thị Phương | D10: =SUMIF($E$16:$F$113,"Phương",$G$16:$G$113) +SUMIF($E$16:$F$113,"All team",$G$16:$G$113)/5 +SUMIF($E$16:$F$113,"Thành, Phương, Việt, Tấn",$G$16:$G$113)/4 -> 29.25 | E10: =SUMIF($E$16:$F$113,"Phương",$H$16:$H$113) +SUMIF($E$16:$F$113,"All team",$H$16:$H$113)/5 +SUMIF($E$16:$F$113,"Thành, Phương, Việt, Tấn",$H$16:$H$113)/4 -> 25.25
B11: 4 | C11: Nguyễn Quốc Tấn | D11: =SUMIF($E$16:$F$113,"Tấn",$G$16:$G$113) +SUMIF($E$16:$F$113,"All team",$G$16:$G$113)/5 +SUMIF($E$16:$F$113,"Thành, Phương, Việt, Tấn",$G$16:$G$113)/4 -> 19.25 | E11: =SUMIF($E$16:$F$113,"Tấn",$H$16:$H$113) +SUMIF($E$16:$F$113,"All team",$H$16:$H$113)/5 +SUMIF($E$16:$F$113,"Thành, Phương, Việt, Tấn",$H$16:$H$113)/4 -> 19.25
B12: 5 | C12: Phan Hồ Phi Việt | D12: =SUMIF($E$16:$F$113,"Việt",$G$16:$G$113) +SUMIF($E$16:$F$113,"All team",$G$16:$G$113)/5 +SUMIF($E$16:$F$113,"Thành, Phương, Việt, Tấn",$G$16:$G$113)/4 -> 39.25 | E12: =SUMIF($E$16:$F$113,"Việt",$H$16:$H$113) +SUMIF($E$16:$F$113,"All team",$H$16:$H$113)/5 +SUMIF($E$16:$F$113,"Thành, Phương, Việt, Tấn",$H$16:$H$113)/4 -> 37.25
B13: Tổng | D13: =SUM(D8:D12) -> 176 | E13: =SUM(E8:E12) -> 173
A15: Sprint | B15: Compoment | C15: Task name | E15: Responsible Member | G15: Thực tế | H15: Ước tính | I15: 22/03 | J15: 23/03 | K15: 24/03 | L15: 25/03 | M15: 26/03 | N15: 27/03 | O15: 28/03 | P15: 29/03 | Q15: 30/03 | R15: 31/03 | S15: 46113 | T15: 46114 | U15: 46115
A16: Sprint 1 | B16: Họp kế hoạch Sprint | E16: All team | G16: 10 | H16: 10 | I16: 10 | J16: 0 | K16: 0 | L16: 0 | M16: 0 | N16: 0 | O16: 0 | P16: 0 | Q16: 0 | R16: 0 | S16: 0 | T16: 0 | U16: 0
B17: Tạo Sprint Backlog 1 | E17: Tấn, Việt | G17: 4 | H17: 4 | I17: 4 | J17: 0 | K17: 0 | L17: 0 | M17: 0 | N17: 0 | O17: 0 | P17: 0 | Q17: 0 | R17: 0 | S17: 0 | T17: 0 | U17: 0
B18: Tạo tài liệu kiểm thử cho Sprint | E18: Nữ | G18: 4 | H18: 4 | I18: 4 | J18: 0 | K18: 0 | L18: 0 | M18: 0 | N18: 0 | O18: 0 | P18: 0 | Q18: 0 | R18: 0 | S18: 0 | T18: 0 | U18: 0
B19: User interface design | C19: Giao diện đăng kí | E19: Nữ | G19: 1 | H19: 1 | I19: 1 | J19: 0 | K19: 0 | L19: 0 | M19: 0 | N19: 0 | O19: 0 | P19: 0 | Q19: 0 | R19: 0 | S19: 0 | T19: 0 | U19: 0
C20: Giao diện đăng nhập | E20: Nữ | G20: 1 | H20: 1 | I20: 1 | J20: 0 | K20: 0 | L20: 0 | M20: 0 | N20: 0 | O20: 0 | P20: 0 | Q20: 0 | R20: 0 | S20: 0 | T20: 0 | U20: 0
C21: Giao diện đăng xuất | E21: Nữ | G21: 1 | H21: 1 | I21: 1 | J21: 0 | K21: 0 | L21: 0 | M21: 0 | N21: 0 | O21: 0 | P21: 0 | Q21: 0 | R21: 0 | S21: 0 | T21: 0 | U21: 0
C22: Giao diện cập nhật thông tin | E22: Nữ | G22: 1 | H22: 1 | I22: 1 | J22: 0 | K22: 0 | L22: 0 | M22: 0 | N22: 0 | O22: 0 | P22: 0 | Q22: 0 | R22: 0 | S22: 0 | T22: 0 | U22: 0
C23: Giao diện phân quyền người dùng | E23: Nữ | G23: 1 | H23: 1 | I23: 1 | J23: 1 | K23: 0 | L23: 0 | M23: 0 | N23: 0 | O23: 0 | P23: 0 | Q23: 0 | R23: 0 | S23: 0 | T23: 0 | U23: 0
C24: Giao diện quản lý khách hàng | E24: Nữ | G24: 1 | H24: 1 | I24: 1 | J24: 1 | K24: 0 | L24: 0 | M24: 0 | N24: 0 | O24: 0 | P24: 0 | Q24: 0 | R24: 0 | S24: 0 | T24: 0 | U24: 0
C25: Giao diện quản lý danh mục sản phẩm | E25: Nữ | G25: 1 | H25: 1 | I25: 1 | J25: 1 | K25: 0 | L25: 0 | M25: 0 | N25: 0 | O25: 0 | P25: 0 | Q25: 0 | R25: 0 | S25: 0 | T25: 0 | U25: 0
C26: Giao diện quản lý banner | E26: Nữ | G26: 1 | H26: 1 | I26: 1 | J26: 1 | K26: 0 | L26: 0 | M26: 0 | N26: 0 | O26: 0 | P26: 0 | Q26: 0 | R26: 0 | S26: 0 | T26: 0 | U26: 0
C27: Giao diện quản lý sản phẩm | E27: Nữ | G27: 1 | H27: 1 | I27: 1 | J27: 1 | K27: 0 | L27: 0 | M27: 0 | N27: 0 | O27: 0 | P27: 0 | Q27: 0 | R27: 0 | S27: 0 | T27: 0 | U27: 0
C28: Giao diện quản lý nhân viên | E28: Nữ | G28: 1 | H28: 1 | I28: 1 | J28: 1 | K28: 0 | L28: 0 | M28: 0 | N28: 0 | O28: 0 | P28: 0 | Q28: 0 | R28: 0 | S28: 0 | T28: 0 | U28: 0
C29: Giao diện trang chủ | E29: Nữ | G29: 1 | H29: 1 | I29: 1 | J29: 1 | K29: 0 | L29: 0 | M29: 0 | N29: 0 | O29: 0 | P29: 0 | Q29: 0 | R29: 0 | S29: 0 | T29: 0 | U29: 0
C30: Review all user interfaces of sprint 1 | E30: All team | G30: 5 | H30: 5 | I30: 5 | J30: 5 | K30: 5 | L30: 0 | M30: 0 | N30: 0 | O30: 0 | P30: 0 | Q30: 0 | R30: 0 | S30: 0 | T30: 0 | U30: 0
B31: Design test case | C31: Thiết kế trường kiểm thử cho đăng kí | E31: Phương | G31: 1 | H31: 1 | I31: 1 | J31: 1 | K31: 1 | L31: 0 | M31: 0 | N31: 0 | O31: 0 | P31: 0 | Q31: 0 | R31: 0 | S31: 0 | T31: 0 | U31: 0
C32: Thiết kế trường kiểm thử cho đăng nhập | E32: Phương | G32: 1 | H32: 1 | I32: 1 | J32: 1 | K32: 1 | L32: 0 | M32: 0 | N32: 0 | O32: 0 | P32: 0 | Q32: 0 | R32: 0 | S32: 0 | T32: 0 | U32: 0
C33: Thiết kế trường kiểm thử cho đăng xuất | E33: Phương | G33: 1 | H33: 1 | I33: 1 | J33: 1 | K33: 1 | L33: 0 | M33: 0 | N33: 0 | O33: 0 | P33: 0 | Q33: 0 | R33: 0 | S33: 0 | T33: 0 | U33: 0
C34: Thiết kế trường kiểm thử cho cập nhật thông tin | E34: Tấn | G34: 1 | H34: 1 | I34: 1 | J34: 1 | K34: 1 | L34: 0 | M34: 0 | N34: 0 | O34: 0 | P34: 0 | Q34: 0 | R34: 0 | S34: 0 | T34: 0 | U34: 0
C35: Thiết kế trường kiểm thử cho phân quyền người dùng | E35: Thành | G35: 1 | H35: 1 | I35: 1 | J35: 1 | K35: 1 | L35: 0 | M35: 0 | N35: 0 | O35: 0 | P35: 0 | Q35: 0 | R35: 0 | S35: 0 | T35: 0 | U35: 0
C36: Thiết kế trường kiểm thử cho quản lý khách hàng | E36: Tấn | G36: 1 | H36: 1 | I36: 1 | J36: 1 | K36: 1 | L36: 0 | M36: 0 | N36: 0 | O36: 0 | P36: 0 | Q36: 0 | R36: 0 | S36: 0 | T36: 0 | U36: 0
C37: Thiết kế trường kiểm thử cho quản lý danh mục sản phẩm | E37: Việt | G37: 1 | H37: 1 | I37: 1 | J37: 1 | K37: 1 | L37: 0 | M37: 0 | N37: 0 | O37: 0 | P37: 0 | Q37: 0 | R37: 0 | S37: 0 | T37: 0 | U37: 0
C38: Thiết kế trường kiểm thử cho quản lý banner | E38: Việt | G38: 1 | H38: 1 | I38: 1 | J38: 1 | K38: 1 | L38: 1 | M38: 0 | N38: 0 | O38: 0 | P38: 0 | Q38: 0 | R38: 0 | S38: 0 | T38: 0 | U38: 0
C39: Thiết kế trường kiểm thử cho quản lý sản phẩm | E39: Thành | G39: 1 | H39: 1 | I39: 1 | J39: 1 | K39: 1 | L39: 1 | M39: 0 | N39: 0 | O39: 0 | P39: 0 | Q39: 0 | R39: 0 | S39: 0 | T39: 0 | U39: 0
C40: Thiết kế trường kiểm thử cho quản lý nhân viên | E40: Việt | G40: 1 | H40: 1 | I40: 1 | J40: 1 | K40: 1 | L40: 1 | M40: 0 | N40: 0 | O40: 0 | P40: 0 | Q40: 0 | R40: 0 | S40: 0 | T40: 0 | U40: 0
C41: Thiết kế trường kiểm thử cho trang chủ | E41: Thành | G41: 1 | H41: 1 | I41: 1 | J41: 1 | K41: 1 | L41: 1 | M41: 0 | N41: 0 | O41: 0 | P41: 0 | Q41: 0 | R41: 0 | S41: 0 | T41: 0 | U41: 0
C42: Review all test case of sprint 1 | E42: All team | G42: 5 | H42: 5 | I42: 5 | J42: 5 | K42: 5 | L42: 5 | M42: 5 | N42: 0 | O42: 0 | P42: 0 | Q42: 0 | R42: 0 | S42: 0 | T42: 0 | U42: 0
B43: Coding | C43: Thiết kê front-end cho đăng kí | E43: Phương | G43: 2 | H43: 2 | I43: 2 | J43: 2 | K43: 2 | L43: 2 | M43: 2 | N43: 2 | O43: 0 | P43: 0 | Q43: 0 | R43: 0 | S43: 0 | T43: 0 | U43: 0
C44: Code back-end cho đăng kí | E44: Phương | G44: 2 | H44: 2 | I44: 2 | J44: 2 | K44: 2 | L44: 2 | M44: 2 | N44: 2 | O44: 0 | P44: 0 | Q44: 0 | R44: 0 | S44: 0 | T44: 0 | U44: 0
C45: Thiết kê front-end cho đăng nhập | E45: Phương | G45: 2 | H45: 2 | I45: 2 | J45: 2 | K45: 2 | L45: 2 | M45: 2 | N45: 2 | O45: 0 | P45: 0 | Q45: 0 | R45: 0 | S45: 0 | T45: 0 | U45: 0
C46: Code back-end cho đăng nhập | E46: Phương | G46: 4 | H46: 2 | I46: 2 | J46: 2 | K46: 2 | L46: 2 | M46: 2 | N46: 2 | O46: 0 | P46: 0 | Q46: 0 | R46: 0 | S46: 0 | T46: 0 | U46: 0
O47: 2 | P47: 0 | Q47: 0 | R47: 0 | S47: 0 | T47: 0 | U47: 0
C48: Thiết kê front-end cho đăng xuất | E48: Phương | G48: 3 | H48: 2 | I48: 2 | J48: 2 | K48: 2 | L48: 2 | M48: 2 | N48: 2 | O48: 0 | P48: 0 | Q48: 0 | R48: 0 | S48: 0 | T48: 0 | U48: 0
O49: 1 | P49: 0 | Q49: 0 | R49: 0 | S49: 0 | T49: 0 | U49: 0
C50: Code back-end cho đăng xuất | E50: Phương | G50: 3 | H50: 2 | I50: 2 | J50: 2 | K50: 2 | L50: 2 | M50: 2 | N50: 2 | O50: 2 | P50: 0 | Q50: 0 | R50: 0 | S50: 0 | T50: 0 | U50: 0
P51: 1 | Q51: 0 | R51: 0 | S51: 0 | T51: 0 | U51: 0
C52: Thiết kê front-end cho cập nhật thông tin | E52: Tấn | G52: 2 | H52: 2 | I52: 2 | J52: 2 | K52: 2 | L52: 2 | M52: 2 | N52: 2 | O52: 2 | P52: 0 | Q52: 0 | R52: 0 | S52: 0 | T52: 0 | U52: 0
C53: Code back-end cho cập nhật thông tin | E53: Tấn | G53: 2 | H53: 2 | I53: 2 | J53: 2 | K53: 2 | L53: 2 | M53: 2 | N53: 2 | O53: 2 | P53: 0 | Q53: 0 | R53: 0 | S53: 0 | T53: 0 | U53: 0
C54: Thiết kê front-end cho phân quyền người dùng | E54: Thành | G54: 3 | H54: 4 | I54: 4 | J54: 4 | K54: 4 | L54: 4 | M54: 4 | N54: 4 | O54: 3 | P54: 0 | Q54: 0 | R54: 0 | S54: 0 | T54: 0 | U54: 0
P55: 1 | Q55: 0 | R55: 0 | S55: 0 | T55: 0 | U55: 0
C56: Code back-end cho phân quyền người dùng | E56: Thành | G56: 4 | H56: 4 | I56: 4 | J56: 4 | K56: 4 | L56: 4 | M56: 4 | N56: 4 | O56: 4 | P56: 0 | Q56: 0 | R56: 0 | S56: 0 | T56: 0 | U56: 0
C57: Thiết kê front-end cho quản lý khách hàng | E57: Tấn | G57: 2 | H57: 2 | I57: 2 | J57: 2 | K57: 2 | L57: 2 | M57: 2 | N57: 2 | O57: 2 | P57: 0 | Q57: 0 | R57: 0 | S57: 0 | T57: 0 | U57: 0
C58: Code back-end cho quản lý khách hàng | E58: Tấn | G58: 2 | H58: 2 | I58: 2 | J58: 2 | K58: 2 | L58: 2 | M58: 2 | N58: 2 | O58: 2 | P58: 0 | Q58: 0 | R58: 0 | S58: 0 | T58: 0 | U58: 0
C59: Thiết kê front-end cho quản lý danh mục sản phẩm | E59: Việt | G59: 6 | H59: 4 | I59: 4 | J59: 4 | K59: 4 | L59: 4 | M59: 4 | N59: 4 | O59: 4 | P59: 0 | Q59: 0 | R59: 0 | S59: 0 | T59: 0 | U59: 0
P60: 2 | Q60: 0 | R60: 0 | S60: 0 | T60: 0 | U60: 0
C61: Code back-end quản lý danh mục sản phẩm | E61: Việt | G61: 4 | H61: 4 | I61: 4 | J61: 4 | K61: 4 | L61: 4 | M61: 4 | N61: 4 | O61: 4 | P61: 0 | Q61: 0 | R61: 0 | S61: 0 | T61: 0 | U61: 0
C62: Thiết kê front-end cho quản lý banner | E62: Việt | G62: 4 | H62: 4 | I62: 4 | J62: 4 | K62: 4 | L62: 4 | M62: 4 | N62: 4 | O62: 4 | P62: 0 | Q62: 0 | R62: 0 | S62: 0 | T62: 0 | U62: 0
C63: Code back-end cho quản lý banner | E63: Việt | G63: 4 | H63: 4 | I63: 4 | J63: 4 | K63: 4 | L63: 4 | M63: 4 | N63: 4 | O63: 4 | P63: 0 | Q63: 0 | R63: 0 | S63: 0 | T63: 0 | U63: 0
C64: Thiết kê front-end cho quản lý sản phẩm | E64: Việt | G64: 4 | H64: 4 | I64: 4 | J64: 4 | K64: 4 | L64: 4 | M64: 4 | N64: 4 | O64: 4 | P64: 0 | Q64: 0 | R64: 0 | S64: 0 | T64: 0 | U64: 0
C65: Code back-end cho quản lý sản phẩm | E65: Việt | G65: 3 | H65: 4 | I65: 4 | J65: 4 | K65: 4 | L65: 4 | M65: 4 | N65: 4 | O65: 4 | P65: 0 | Q65: 0 | R65: 0 | S65: 0 | T65: 0 | U65: 0
P66: 1 | Q66: 0 | R66: 0 | S66: 0 | T66: 0 | U66: 0
C67: Thiết kê front-end cho quản lý nhân viên | E67: Thành | G67: 4 | H67: 4 | I67: 4 | J67: 4 | K67: 4 | L67: 4 | M67: 4 | N67: 4 | O67: 4 | P67: 0 | Q67: 0 | R67: 0 | S67: 0 | T67: 0 | U67: 0
C68: Code back-end cho quản lý nhân viên | E68: Thành | G68: 5 | H68: 4 | I68: 4 | J68: 4 | K68: 4 | L68: 4 | M68: 4 | N68: 4 | O68: 4 | P68: 0 | Q68: 0 | R68: 0 | S68: 0 | T68: 0 | U68: 0
P69: 1 | Q69: 0 | R69: 0 | S69: 0 | T69: 0 | U69: 0
C70: Thiết kê front-end cho trang chủ | E70: Thành | G70: 2 | H70: 4 | I70: 4 | J70: 4 | K70: 4 | L70: 4 | M70: 4 | N70: 4 | O70: 4 | P70: 0 | Q70: 0 | R70: 0 | S70: 0 | T70: 0 | U70: 0
P71: 2 | Q71: 0 | R71: 0 | S71: 0 | T71: 0 | U71: 0
C72: Code back-end cho trang chủ | E72: Thành | G72: 2 | H72: 4 | I72: 4 | J72: 4 | K72: 4 | L72: 4 | M72: 4 | N72: 4 | O72: 4 | P72: 0 | Q72: 0 | R72: 0 | S72: 0 | T72: 0 | U72: 0
P73: 2 | Q73: 0 | R73: 0 | S73: 0 | T73: 0 | U73: 0
C74: Integrate code | E74: Thành, Phương, Việt, Tấn | G74: 5 | H74: 5 | I74: 5 | J74: 5 | K74: 5 | L74: 5 | M74: 5 | N74: 5 | O74: 5 | P74: 0 | Q74: 0 | R74: 0 | S74: 0 | T74: 0 | U74: 0
B75: Testing | C75: Kiểm tra đăng kí | E75: Nữ | G75: 1 | H75: 1 | I75: 1 | J75: 1 | K75: 1 | L75: 1 | M75: 1 | N75: 1 | O75: 1 | P75: 1 | Q75: 0 | R75: 0 | S75: 0 | T75: 0 | U75: 0
C76: Kiểm tra đăng nhập | E76: Nữ | G76: 1 | H76: 1 | I76: 1 | J76: 1 | K76: 1 | L76: 1 | M76: 1 | N76: 1 | O76: 1 | P76: 1 | Q76: 0 | R76: 0 | S76: 0 | T76: 0 | U76: 0
C77: Kiểm tra đăng xuất | E77: Nữ | G77: 1 | H77: 1 | I77: 1 | J77: 1 | K77: 1 | L77: 1 | M77: 1 | N77: 1 | O77: 1 | P77: 1 | Q77: 0 | R77: 0 | S77: 0 | T77: 0 | U77: 0
C78: Kiểm tra cập nhật thông tin | E78: Nữ | G78: 1 | H78: 1 | I78: 1 | J78: 1 | K78: 1 | L78: 1 | M78: 1 | N78: 1 | O78: 1 | P78: 1 | Q78: 0 | R78: 0 | S78: 0 | T78: 0 | U78: 0
C79: Kiểm tra phân quyền người dùng | E79: Nữ | G79: 2 | H79: 1 | I79: 1 | J79: 1 | K79: 1 | L79: 1 | M79: 1 | N79: 1 | O79: 1 | P79: 1 | Q79: 0 | R79: 0 | S79: 0 | T79: 0 | U79: 0
Q80: 1 | R80: 0 | S80: 0 | T80: 0 | U80: 0
C81: Kiểm tra quản lý khách hàng | E81: Nữ | G81: 1 | H81: 1 | I81: 1 | J81: 1 | K81: 1 | L81: 1 | M81: 1 | N81: 1 | O81: 1 | P81: 1 | Q81: 0 | R81: 0 | S81: 0 | T81: 0 | U81: 0
C82: Kiểm tra quản lý danh mục sản phẩm | E82: Nữ | G82: 1 | H82: 1 | I82: 1 | J82: 1 | K82: 1 | L82: 1 | M82: 1 | N82: 1 | O82: 1 | P82: 1 | Q82: 0 | R82: 0 | S82: 0 | T82: 0 | U82: 0
C83: Kiểm tra quản lý banner | E83: Nữ | G83: 2 | H83: 1 | I83: 1 | J83: 1 | K83: 1 | L83: 1 | M83: 1 | N83: 1 | O83: 1 | P83: 1 | Q83: 0 | R83: 0 | S83: 0 | T83: 0 | U83: 0
Q84: 1 | R84: 0 | S84: 0 | T84: 0 | U84: 0
C85: Kiểm tra quản lý sản phẩm | E85: Nữ | G85: 1 | H85: 1 | I85: 1 | J85: 1 | K85: 1 | L85: 1 | M85: 1 | N85: 1 | O85: 1 | P85: 1 | Q85: 0 | R85: 0 | S85: 0 | T85: 0 | U85: 0
C86: Kiểm tra quản lý nhân viên | E86: Nữ | G86: 1 | H86: 1 | I86: 1 | J86: 1 | K86: 1 | L86: 1 | M86: 1 | N86: 1 | O86: 1 | P86: 1 | Q86: 0 | R86: 0 | S86: 0 | T86: 0 | U86: 0
C87: Kiểm tra trang chủ | E87: Nữ | G87: 1 | H87: 1 | I87: 1 | J87: 1 | K87: 1 | L87: 1 | M87: 1 | N87: 1 | O87: 1 | P87: 1 | Q87: 0 | R87: 0 | S87: 0 | T87: 0 | U87: 0
B88: Fix Bug | C88: Sửa lỗi đăng kí | E88: Phương | G88: 1 | H88: 1 | I88: 1 | J88: 1 | K88: 1 | L88: 1 | M88: 1 | N88: 1 | O88: 1 | P88: 1 | Q88: 0 | R88: 0 | S88: 0 | T88: 0 | U88: 0
C89: Sửa lỗi đăng nhập | E89: Phương | G89: 1 | H89: 1 | I89: 1 | J89: 1 | K89: 1 | L89: 1 | M89: 1 | N89: 1 | O89: 1 | P89: 1 | Q89: 0 | R89: 0 | S89: 0 | T89: 0 | U89: 0
C90: Sửa lỗi đăng xuất | E90: Phương | G90: 1 | H90: 1 | I90: 1 | J90: 1 | K90: 1 | L90: 1 | M90: 1 | N90: 1 | O90: 1 | P90: 1 | Q90: 0 | R90: 0 | S90: 0 | T90: 0 | U90: 0
C91: Sửa lỗi cập nhật thông tin | E91: Tấn | G91: 1 | H91: 1 | I91: 1 | J91: 1 | K91: 1 | L91: 1 | M91: 1 | N91: 1 | O91: 1 | P91: 1 | Q91: 0 | R91: 0 | S91: 0 | T91: 0 | U91: 0
C92: Sửa lỗi phân quyền người dùng | E92: Thành | G92: 2 | H92: 3 | I92: 3 | J92: 3 | K92: 3 | L92: 3 | M92: 3 | N92: 3 | O92: 3 | P92: 3 | Q92: 0 | R92: 0 | S92: 0 | T92: 0 | U92: 0
Q93: 1 | R93: 0 | S93: 0 | T93: 0 | U93: 0
C94: Sửa lỗi quản lý khách hàng | E94: Tấn | G94: 1 | H94: 1 | I94: 1 | J94: 1 | K94: 1 | L94: 1 | M94: 1 | N94: 1 | O94: 1 | P94: 1 | Q94: 1 | R94: 0 | S94: 0 | T94: 0 | U94: 0
C95: Sửa lỗi quản lý danh mục sản phẩm | E95: Việt | G95: 2 | H95: 1 | I95: 1 | J95: 1 | K95: 1 | L95: 1 | M95: 1 | N95: 1 | O95: 1 | P95: 1 | Q95: 1 | R95: 0 | S95: 0 | T95: 0 | U95: 0
R96: 1 | S96: 0 | T96: 0 | U96: 0
C97: Sửa lỗi quản lý banner | E97: Việt | G97: 1 | H97: 1 | I97: 1 | J97: 1 | K97: 1 | L97: 1 | M97: 1 | N97: 1 | O97: 1 | P97: 1 | Q97: 1 | R97: 0 | S97: 0 | T97: 0 | U97: 0
C98: Sửa lỗi quản lý sản phẩm | E98: Việt | G98: 1 | H98: 1 | I98: 1 | J98: 1 | K98: 1 | L98: 1 | M98: 1 | N98: 1 | O98: 1 | P98: 1 | Q98: 1 | R98: 0 | S98: 0 | T98: 0 | U98: 0
C99: Sửa lỗi quản lý nhân viên | E99: Thành | G99: 1 | H99: 1 | I99: 1 | J99: 1 | K99: 1 | L99: 1 | M99: 1 | N99: 1 | O99: 1 | P99: 1 | Q99: 1 | R99: 0 | S99: 0 | T99: 0 | U99: 0
C100: Sửa lỗi trang chủ | E100: Thành | G100: 1 | H100: 1 | I100: 1 | J100: 1 | K100: 1 | L100: 1 | M100: 1 | N100: 1 | O100: 1 | P100: 1 | Q100: 1 | R100: 0 | S100: 0 | T100: 0 | U100: 0
B101: Re-testing | C101: Kiểm tra đăng kí | E101: Nữ | G101: 1 | H101: 1 | I101: 1 | J101: 1 | K101: 1 | L101: 1 | M101: 1 | N101: 1 | O101: 1 | P101: 1 | Q101: 1 | R101: 0 | S101: 0 | T101: 0 | U101: 0
C102: Kiểm tra đăng nhập | E102: Nữ | G102: 1 | H102: 1 | I102: 1 | J102: 1 | K102: 1 | L102: 1 | M102: 1 | N102: 1 | O102: 1 | P102: 1 | Q102: 1 | R102: 0 | S102: 0 | T102: 0 | U102: 0
...

Sheet Sprint 2
A1: Project name: | C1: Xây dựng hệ thống thương mại điện tử mỹ phẩm Hamoni Cosmetic tích hợp Chatbox AI | F1: Kết thúc đúng hạn
A2: Module name: | C2: Sprint 2 | F2: Muộn
A3: Start date: | C3: 46057 | F3: Trước thời hạn
A4: End date: | C4: 22/04/2026
B6: SPRINT 2 REPORT
B7: No | C7: Thành viên | D7: Thực tế | E7: Ước tính
B8: 1 | C8: Nguyễn Công Thành | D8: =SUMIF($E$16:$F$105,"Thành",$G$16:$G$105) +SUMIF($E$16:$F$105,"All team",$G$16:$G$105)/5 +SUMIF($E$16:$F$105,"Thành, Phương, Việt, Tấn",$G$16:$G$105)/4 -> 58.25 | E8: =SUMIF($E$16:$F$105,"Thành",$H$16:$H$105) +SUMIF($E$16:$F$105,"All team",$H$16:$H$105)/5 +SUMIF($E$16:$F$105,"Thành, Phương, Việt, Tấn",$H$16:$H$105)/4 -> 59.25
B9: 2 | C9: Nhan Thị Ngọc Nữ | D9: =SUMIF($E$16:$F$105,"Nữ",$G$16:$G$105) +SUMIF($E$16:$F$105,"All team",$G$16:$G$105)/5 -> 58 | E9: =SUMIF($E$16:$F$105,"Nữ",$H$16:$H$105) +SUMIF($E$16:$F$105,"All team",$H$16:$H$105)/5 -> 56
B10: 3 | C10: Đinh Thị Phương | D10: =SUMIF($E$16:$F$105,"Phương",$G$16:$G$105) +SUMIF($E$16:$F$105,"All team",$G$16:$G$105)/5 +SUMIF($E$16:$F$105,"Thành, Phương, Việt, Tấn",$G$16:$G$105)/4 -> 50.25 | E10: =SUMIF($E$16:$F$105,"Phương",$H$16:$H$105) +SUMIF($E$16:$F$105,"All team",$H$16:$H$105)/5 +SUMIF($E$16:$F$105,"Thành, Phương, Việt, Tấn",$H$16:$H$105)/4 -> 49.25
B11: 4 | C11: Nguyễn Quốc Tấn | D11: =SUMIF($E$16:$F$105,"Tấn",$G$16:$G$105) +SUMIF($E$16:$F$105,"All team",$G$16:$G$105)/5 +SUMIF($E$16:$F$105,"Thành, Phương, Việt, Tấn",$G$16:$G$105)/4 -> 54.25 | E11: =SUMIF($E$16:$F$105,"Tấn",$H$16:$H$105) +SUMIF($E$16:$F$105,"All team",$H$16:$H$105)/5 +SUMIF($E$16:$F$105,"Thành, Phương, Việt, Tấn",$H$16:$H$105)/4 -> 54.25
B12: 5 | C12: Phan Hồ Phi Việt | D12: =SUMIF($E$16:$F$105,"Việt",$G$16:$G$105) +SUMIF($E$16:$F$105,"All team",$G$16:$G$105)/5 +SUMIF($E$16:$F$105,"Thành, Phương, Việt, Tấn",$G$16:$G$105)/4 -> 22.25 | E12: =SUMIF($E$16:$F$105,"Việt",$H$16:$H$105) +SUMIF($E$16:$F$105,"All team",$H$16:$H$105)/5 +SUMIF($E$16:$F$105,"Thành, Phương, Việt, Tấn",$H$16:$H$105)/4 -> 22.25
B13: Tổng | D13: =SUM(D8:D12) -> 243 | E13: =SUM(E8:E12) -> 241
A15: Sprint | B15: Compoment | C15: Task name | E15: Responsible Member | G15: Thực tế | H15: Ước tính | I15: 46114 | J15: 46115 | K15: 46116 | L15: 46117 | M15: 46118 | N15: 46119 | O15: 46120 | P15: 46121 | Q15: 46122 | R15: 46123 | S15: 46124 | T15: 46125 | U15: 46126 | V15: 46127 | W15: 46128 | X15: 46129 | Y15: 46130 | Z15: 46131 | AA15: 46132 | AB15: 46133 | AC15: 46134 | AD15: 46135
A16: Sprint 2 | B16: Họp kế hoạch Sprint | E16: All team | G16: 5 | H16: 5 | I16: 5 | J16: 0 | K16: 0 | L16: 0 | M16: 0 | N16: 0 | O16: 0 | P16: 0 | Q16: 0 | R16: 0 | S16: 0 | T16: 0 | U16: 0 | V16: 0 | W16: 0 | X16: 0 | Y16: 0 | Z16: 0 | AA16: 0 | AB16: 0 | AC16: 0 | AD16: 0
B17: Tạo Sprint Backlog 2 | E17: Tấn, Việt | G17: 5 | H17: 5 | I17: 5 | J17: 0 | K17: 0 | L17: 0 | M17: 0 | N17: 0 | O17: 0 | P17: 0 | Q17: 0 | R17: 0 | S17: 0 | T17: 0 | U17: 0 | V17: 0 | W17: 0 | X17: 0 | Y17: 0 | Z17: 0 | AA17: 0 | AB17: 0 | AC17: 0 | AD17: 0
B18: Tạo tài liệu kiểm thử cho Sprint | E18: Nữ | G18: 1 | H18: 1 | I18: 1 | J18: 0 | K18: 0 | L18: 0 | M18: 0 | N18: 0 | O18: 0 | P18: 0 | Q18: 0 | R18: 0 | S18: 0 | T18: 0 | U18: 0 | V18: 0 | W18: 0 | X18: 0 | Y18: 0 | Z18: 0 | AA18: 0 | AB18: 0 | AC18: 0 | AD18: 0
B19: User interface design | C19: Giao diện xeam chi tiết đơn hàng | E19: Nữ | G19: 1 | H19: 1 | I19: 1 | J19: 0 | K19: 0 | L19: 0 | M19: 0 | N19: 0 | O19: 0 | P19: 0 | Q19: 0 | R19: 0 | S19: 0 | T19: 0 | U19: 0 | V19: 0 | W19: 0 | X19: 0 | Y19: 0 | Z19: 0 | AA19: 0 | AB19: 0 | AC19: 0 | AD19: 0
C20: Giao diện xem lịch sử đơn hàng | E20: Nữ | G20: 1 | H20: 1 | I20: 1 | J20: 0 | K20: 0 | L20: 0 | M20: 0 | N20: 0 | O20: 0 | P20: 0 | Q20: 0 | R20: 0 | S20: 0 | T20: 0 | U20: 0 | V20: 0 | W20: 0 | X20: 0 | Y20: 0 | Z20: 0 | AA20: 0 | AB20: 0 | AC20: 0 | AD20: 0
C21: Giao diện quản lý kho | E21: Nữ | G21: 1 | H21: 1 | I21: 1 | J21: 0 | K21: 0 | L21: 0 | M21: 0 | N21: 0 | O21: 0 | P21: 0 | Q21: 0 | R21: 0 | S21: 0 | T21: 0 | U21: 0 | V21: 0 | W21: 0 | X21: 0 | Y21: 0 | Z21: 0 | AA21: 0 | AB21: 0 | AC21: 0 | AD21: 0
C22: Giao diện thống kê báo cáo | E22: Nữ | G22: 2 | H22: 1 | I22: 1 | J22: 1 | K22: 0 | L22: 0 | M22: 0 | N22: 0 | O22: 0 | P22: 0 | Q22: 0 | R22: 0 | S22: 0 | T22: 0 | U22: 0 | V22: 0 | W22: 0 | X22: 0 | Y22: 0 | Z22: 0 | AA22: 0 | AB22: 0 | AC22: 0 | AD22: 0
K23: 1
C24: Giao diện đánh giá sản phẩm | E24: Nữ | G24: 1 | H24: 1 | I24: 1 | J24: 1 | K24: 0 | L24: 0 | M24: 0 | N24: 0 | O24: 0 | P24: 0 | Q24: 0 | R24: 0 | S24: 0 | T24: 0 | U24: 0 | V24: 0 | W24: 0 | X24: 0 | Y24: 0 | Z24: 0 | AA24: 0 | AB24: 0 | AC24: 0 | AD24: 0
C25: Giao diện quản lý khuyến mãi | E25: Nữ | G25: 1 | H25: 1 | I25: 1 | J25: 1 | K25: 0 | L25: 0 | M25: 0 | N25: 0 | O25: 0 | P25: 0 | Q25: 0 | R25: 0 | S25: 0 | T25: 0 | U25: 0 | V25: 0 | W25: 0 | X25: 0 | Y25: 0 | Z25: 0 | AA25: 0 | AB25: 0 | AC25: 0 | AD25: 0
C26: Giao diện quản lý voucher | E26: Nữ | G26: 1 | H26: 1 | I26: 1 | J26: 1 | K26: 0 | L26: 0 | M26: 0 | N26: 0 | O26: 0 | P26: 0 | Q26: 0 | R26: 0 | S26: 0 | T26: 0 | U26: 0 | V26: 0 | W26: 0 | X26: 0 | Y26: 0 | Z26: 0 | AA26: 0 | AB26: 0 | AC26: 0 | AD26: 0
C27: Giao diện quản lý đơn hàng | E27: Nữ | G27: 1 | H27: 1 | I27: 1 | J27: 1 | K27: 1 | L27: 0 | M27: 0 | N27: 0 | O27: 0 | P27: 0 | Q27: 0 | R27: 0 | S27: 0 | T27: 0 | U27: 0 | V27: 0 | W27: 0 | X27: 0 | Y27: 0 | Z27: 0 | AA27: 0 | AB27: 0 | AC27: 0 | AD27: 0
C28: Giao diện quản lý đánh giá | E28: Nữ | G28: 1 | H28: 1 | I28: 1 | J28: 1 | K28: 1 | L28: 0 | M28: 0 | N28: 0 | O28: 0 | P28: 0 | Q28: 0 | R28: 0 | S28: 0 | T28: 0 | U28: 0 | V28: 0 | W28: 0 | X28: 0 | Y28: 0 | Z28: 0 | AA28: 0 | AB28: 0 | AC28: 0 | AD28: 0
C29: Giao diện quản lý chatbot | E29: Nữ | G29: 1 | H29: 1 | I29: 1 | J29: 1 | K29: 1 | L29: 0 | M29: 0 | N29: 0 | O29: 0 | P29: 0 | Q29: 0 | R29: 0 | S29: 0 | T29: 0 | U29: 0 | V29: 0 | W29: 0 | X29: 0 | Y29: 0 | Z29: 0 | AA29: 0 | AB29: 0 | AC29: 0 | AD29: 0
C30: Review all user interfaces of sprint 2 | E30: All team | G30: 5 | H30: 5 | I30: 5 | J30: 5 | K30: 5 | L30: 0 | M30: 0 | N30: 0 | O30: 0 | P30: 0 | Q30: 0 | R30: 0 | S30: 0 | T30: 0 | U30: 0 | V30: 0 | W30: 0 | X30: 0 | Y30: 0 | Z30: 0 | AA30: 0 | AB30: 0 | AC30: 0 | AD30: 0
B31: Design test case | C31: Thiết kế trường kiểm thử xem chi tiết đơn hàng | E31: Việt | G31: 1 | H31: 1 | I31: 1 | J31: 1 | K31: 1 | L31: 1 | M31: 0 | N31: 0 | O31: 0 | P31: 0 | Q31: 0 | R31: 0 | S31: 0 | T31: 0 | U31: 0 | V31: 0 | W31: 0 | X31: 0 | Y31: 0 | Z31: 0 | AA31: 0 | AB31: 0 | AC31: 0 | AD31: 0
C32: Thiết kế trường kiểm thử xem lịch sử đơn hàng | E32: Tấn | G32: 1 | H32: 1 | I32: 1 | J32: 1 | K32: 1 | L32: 1 | M32: 0 | N32: 0 | O32: 0 | P32: 0 | Q32: 0 | R32: 0 | S32: 0 | T32: 0 | U32: 0 | V32: 0 | W32: 0 | X32: 0 | Y32: 0 | Z32: 0 | AA32: 0 | AB32: 0 | AC32: 0 | AD32: 0
C33: Thiết kế trường kiểm thử quản lý kho | E33: Tấn | G33: 1 | H33: 1 | I33: 1 | J33: 1 | K33: 1 | L33: 1 | M33: 0 | N33: 0 | O33: 0 | P33: 0 | Q33: 0 | R33: 0 | S33: 0 | T33: 0 | U33: 0 | V33: 0 | W33: 0 | X33: 0 | Y33: 0 | Z33: 0 | AA33: 0 | AB33: 0 | AC33: 0 | AD33: 0
C34: Thiết kế trường kiểm thử thống kê báo cáo | E34: Phương | G34: 1 | H34: 1 | I34: 1 | J34: 1 | K34: 1 | L34: 1 | M34: 0 | N34: 0 | O34: 0 | P34: 0 | Q34: 0 | R34: 0 | S34: 0 | T34: 0 | U34: 0 | V34: 0 | W34: 0 | X34: 0 | Y34: 0 | Z34: 0 | AA34: 0 | AB34: 0 | AC34: 0 | AD34: 0
C35: Thiết kế trường kiểm thử đánh giá sản phẩm | E35: Phương | G35: 1 | H35: 1 | I35: 1 | J35: 1 | K35: 1 | L35: 1 | M35: 0 | N35: 0 | O35: 0 | P35: 0 | Q35: 0 | R35: 0 | S35: 0 | T35: 0 | U35: 0 | V35: 0 | W35: 0 | X35: 0 | Y35: 0 | Z35: 0 | AA35: 0 | AB35: 0 | AC35: 0 | AD35: 0
C36: Thiết kế trường kiểm thử quản lý khuyến mãi | E36: Thành | G36: 1 | H36: 1 | I36: 1 | J36: 1 | K36: 1 | L36: 1 | M36: 0 | N36: 0 | O36: 0 | P36: 0 | Q36: 0 | R36: 0 | S36: 0 | T36: 0 | U36: 0 | V36: 0 | W36: 0 | X36: 0 | Y36: 0 | Z36: 0 | AA36: 0 | AB36: 0 | AC36: 0 | AD36: 0
C37: Thiết kế trường kiểm thử quản lý voucher | E37: Thành | G37: 1 | H37: 1 | I37: 1 | J37: 1 | K37: 1 | L37: 1 | M37: 1 | N37: 0 | O37: 0 | P37: 0 | Q37: 0 | R37: 0 | S37: 0 | T37: 0 | U37: 0 | V37: 0 | W37: 0 | X37: 0 | Y37: 0 | Z37: 0 | AA37: 0 | AB37: 0 | AC37: 0 | AD37: 0
C38: Thiết kế trường kiểm thử quản lý đơn hàng | E38: Tấn | G38: 1 | H38: 1 | I38: 1 | J38: 1 | K38: 1 | L38: 1 | M38: 1 | N38: 0 | O38: 0 | P38: 0 | Q38: 0 | R38: 0 | S38: 0 | T38: 0 | U38: 0 | V38: 0 | W38: 0 | X38: 0 | Y38: 0 | Z38: 0 | AA38: 0 | AB38: 0 | AC38: 0 | AD38: 0
C39: Thiết kế trường kiểm thử quản lý đánh giá | E39: Phương | G39: 2 | H39: 1 | I39: 0 | J39: 0 | K39: 0 | L39: 0 | M39: 0 | N39: 0 | O39: 0 | P39: 0 | Q39: 0 | R39: 0 | S39: 0 | T39: 0 | U39: 0 | V39: 0 | W39: 0 | X39: 0 | Y39: 0 | Z39: 0 | AA39: 0 | AB39: 0 | AC39: 0 | AD39: 0
N40: 1
C41: Thiết kế trường kiểm thử quản lý chatbot | E41: Thành | G41: 1 | H41: 1 | I41: 1 | J41: 1 | K41: 1 | L41: 1 | M41: 1 | N41: 0 | O41: 0 | P41: 0 | Q41: 0 | R41: 0 | S41: 0 | T41: 0 | U41: 0 | V41: 0 | W41: 0 | X41: 0 | Y41: 0 | Z41: 0 | AA41: 0 | AB41: 0 | AC41: 0 | AD41: 0
C42: Review all test case of sprint 1 | E42: All team | G42: 5 | H42: 5 | I42: 5 | J42: 5 | K42: 5 | L42: 5 | M42: 5 | N42: 0 | O42: 0 | P42: 0 | Q42: 0 | R42: 0 | S42: 0 | T42: 0 | U42: 0 | V42: 0 | W42: 0 | X42: 0 | Y42: 0 | Z42: 0 | AA42: 0 | AB42: 0 | AC42: 0 | AD42: 0
B43: Coding | C43: Thiết kê front-end cho xeam chi tiết đơn hàng | E43: Việt | G43: 5 | H43: 5 | I43: 5 | J43: 5 | K43: 5 | L43: 5 | M43: 5 | N43: 5 | O43: 0 | P43: 0 | Q43: 0 | R43: 0 | S43: 0 | T43: 0 | U43: 0 | V43: 0 | W43: 0 | X43: 0 | Y43: 0 | Z43: 0 | AA43: 0 | AB43: 0 | AC43: 0 | AD43: 0
C44: Code back-end cho xeam chi tiết đơn hàng | E44: Việt | G44: 5 | H44: 5 | I44: 5 | J44: 5 | K44: 5 | L44: 5 | M44: 5 | N44: 5 | O44: 0 | P44: 0 | Q44: 0 | R44: 0 | S44: 0 | T44: 0 | U44: 0 | V44: 0 | W44: 0 | X44: 0 | Y44: 0 | Z44: 0 | AA44: 0 | AB44: 0 | AC44: 0 | AD44: 0
C45: Thiết kê front-end cho xem lịch sử đơn hàng | E45: Tấn | G45: 6 | H45: 5 | I45: 5 | J45: 5 | K45: 5 | L45: 5 | M45: 5 | N45: 5 | O45: 0 | P45: 0 | Q45: 0 | R45: 0 | S45: 0 | T45: 0 | U45: 0 | V45: 0 | W45: 0 | X45: 0 | Y45: 0 | Z45: 0 | AA45: 0 | AB45: 0 | AC45: 0 | AD45: 0
O46: 1
C47: Code back-end cho xem lịch sử đơn hàng | E47: Tấn | G47: 5 | H47: 5 | I47: 5 | J47: 5 | K47: 5 | L47: 5 | M47: 5 | N47: 5 | O47: 5 | P47: 0 | Q47: 0 | R47: 0 | S47: 0 | T47: 0 | U47: 0 | V47: 0 | W47: 0 | X47: 0 | Y47: 0 | Z47: 0 | AA47: 0 | AB47: 0 | AC47: 0 | AD47: 0
C48: Thiết kê front-end cho quản lý kho | E48: Tấn | G48: 5 | H48: 5 | I48: 5 | J48: 5 | K48: 5 | L48: 5 | M48: 5 | N48: 5 | O48: 5 | P48: 0 | Q48: 0 | R48: 0 | S48: 0 | T48: 0 | U48: 0 | V48: 0 | W48: 0 | X48: 0 | Y48: 0 | Z48: 0 | AA48: 0 | AB48: 0 | AC48: 0 | AD48: 0
C49: Code back-end cho quản lý kho | E49: Tấn | G49: 5 | H49: 5 | I49: 5 | J49: 5 | K49: 5 | L49: 5 | M49: 5 | N49: 5 | O49: 5 | P49: 5 | Q49: 0 | R49: 0 | S49: 0 | T49: 0 | U49: 0 | V49: 0 | W49: 0 | X49: 0 | Y49: 0 | Z49: 0 | AA49: 0 | AB49: 0 | AC49: 0 | AD49: 0
C50: Thiết kê front-end cho thống kê báo cáo | E50: Phương | G50: 6 | H50: 5 | I50: 5 | J50: 5 | K50: 5 | L50: 5 | M50: 5 | N50: 5 | O50: 0 | P50: 0 | Q50: 0 | R50: 0 | S50: 0 | T50: 0 | U50: 0 | V50: 0 | W50: 0 | X50: 0 | Y50: 0 | Z50: 0 | AA50: 0 | AB50: 0 | AC50: 0 | AD50: 0
Q51: 1
C52: Code back-end cho thống kê báo cáo | E52: Phương | G52: 5 | H52: 5 | I52: 5 | J52: 5 | K52: 5 | L52: 5 | M52: 5 | N52: 5 | O52: 5 | P52: 5 | Q52: 5 | R52: 0 | S52: 0 | T52: 0 | U52: 0 | V52: 0 | W52: 0 | X52: 0 | Y52: 0 | Z52: 0 | AA52: 0 | AB52: 0 | AC52: 0 | AD52: 0
C53: Thiết kê front-end cho đánh giá sản phẩm | E53: Phương | G53: 5 | H53: 5 | I53: 5 | J53: 5 | K53: 5 | L53: 5 | M53: 5 | N53: 5 | O53: 5 | P53: 5 | Q53: 5 | R53: 0 | S53: 0 | T53: 0 | U53: 0 | V53: 0 | W53: 0 | X53: 0 | Y53: 0 | Z53: 0 | AA53: 0 | AB53: 0 | AC53: 0 | AD53: 0
C54: Code back-end cho đánh giá sản phẩm | E54: Thành | G54: 5 | H54: 5 | I54: 5 | J54: 5 | K54: 5 | L54: 5 | M54: 5 | N54: 5 | O54: 5 | P54: 5 | Q54: 5 | R54: 0 | S54: 0 | T54: 0 | U54: 0 | V54: 0 | W54: 0 | X54: 0 | Y54: 0 | Z54: 0 | AA54: 0 | AB54: 0 | AC54: 0 | AD54: 0
C55: Thiết kê front-end cho quản lý khuyến mãi | E55: Thành | G55: 5 | H55: 5 | I55: 5 | J55: 5 | K55: 5 | L55: 5 | M55: 5 | N55: 5 | O55: 5 | P55: 5 | Q55: 5 | R55: 0 | S55: 0 | T55: 0 | U55: 0 | V55: 0 | W55: 0 | X55: 0 | Y55: 0 | Z55: 0 | AA55: 0 | AB55: 0 | AC55: 0 | AD55: 0
C56: Code back-end cho quản lý khuyến mãi | E56: Thành | G56: 5 | H56: 5 | I56: 5 | J56: 5 | K56: 5 | L56: 5 | M56: 5 | N56: 5 | O56: 5 | P56: 5 | Q56: 5 | R56: 5 | S56: 0 | T56: 0 | U56: 0 | V56: 0 | W56: 0 | X56: 0 | Y56: 0 | Z56: 0 | AA56: 0 | AB56: 0 | AC56: 0 | AD56: 0
C57: Thiết kê front-end cho quản lý voucher | E57: Thành | G57: 5 | H57: 5 | I57: 5 | J57: 5 | K57: 5 | L57: 5 | M57: 5 | N57: 5 | O57: 5 | P57: 5 | Q57: 5 | R57: 5 | S57: 0 | T57: 0 | U57: 0 | V57: 0 | W57: 0 | X57: 0 | Y57: 0 | Z57: 0 | AA57: 0 | AB57: 0 | AC57: 0 | AD57: 0
C58: Code back-end cho quản lý voucher | E58: Thành | G58: 5 | H58: 5 | I58: 5 | J58: 5 | K58: 5 | L58: 5 | M58: 5 | N58: 5 | O58: 5 | P58: 5 | Q58: 5 | R58: 5 | S58: 5 | T58: 0 | U58: 0 | V58: 0 | W58: 0 | X58: 0 | Y58: 0 | Z58: 0 | AA58: 0 | AB58: 0 | AC58: 0 | AD58: 0
C59: Thiết kê front-end cho quản lý đơn hàng | E59: Tấn | G59: 4 | H59: 5 | I59: 5 | J59: 5 | K59: 5 | L59: 5 | M59: 5 | N59: 5 | O59: 5 | P59: 5 | Q59: 5 | R59: 5 | S59: 5 | T59: 5 | U59: 0 | V59: 0 | W59: 0 | X59: 0 | Y59: 0 | Z59: 0 | AA59: 0 | AB59: 0 | AC59: 0 | AD59: 0
U60: 1
C61: Code back-end cho quản lý đơn hàng | E61: Tấn | G61: 5 | H61: 5 | I61: 5 | J61: 5 | K61: 5 | L61: 5 | M61: 5 | N61: 5 | O61: 5 | P61: 5 | Q61: 5 | R61: 5 | S61: 5 | T61: 5 | U61: 0 | V61: 0 | W61: 0 | X61: 0 | Y61: 0 | Z61: 0 | AA61: 0 | AB61: 0 | AC61: 0 | AD61: 0
C62: Thiết kê front-end cho quản lý đánh giá | E62: Phương | G62: 3 | H62: 5 | I62: 5 | J62: 5 | K62: 5 | L62: 5 | M62: 5 | N62: 5 | O62: 5 | P62: 5 | Q62: 5 | R62: 5 | S62: 5 | T62: 5 | U62: 5 | V62: 0 | W62: 0 | X62: 0 | Y62: 0 | Z62: 0 | AA62: 0 | AB62: 0 | AC62: 0 | AD62: 0
V63: 2
C64: Code back-end cho quản lý đánh giá | E64: Phương | G64: 5 | H64: 5 | I64: 5 | J64: 5 | K64: 5 | L64: 5 | M64: 5 | N64: 5 | O64: 5 | P64: 5 | Q64: 5 | R64: 5 | S64: 5 | T64: 5 | U64: 5 | V64: 0 | W64: 0 | X64: 0 | Y64: 0 | Z64: 0 | AA64: 0 | AB64: 0 | AC64: 0 | AD64: 0
C65: Thiết kê front-end cho quản lý chatbot | E65: Thành | G65: 5 | H65: 5 | I65: 5 | J65: 5 | K65: 5 | L65: 5 | M65: 5 | N65: 5 | O65: 5 | P65: 5 | Q65: 5 | R65: 5 | S65: 5 | T65: 5 | U65: 5 | V65: 0 | W65: 0 | X65: 0 | Y65: 0 | Z65: 0 | AA65: 0 | AB65: 0 | AC65: 0 | AD65: 0
C66: Code back-end cho quản lý chatbot | E66: Thành | G66: 6 | H66: 5 | I66: 5 | J66: 5 | K66: 5 | L66: 5 | M66: 5 | N66: 5 | O66: 5 | P66: 5 | Q66: 5 | R66: 5 | S66: 5 | T66: 5 | U66: 5 | V66: 0 | W66: 0 | X66: 0 | Y66: 0 | Z66: 0 | AA66: 0 | AB66: 0 | AC66: 0 | AD66: 0
V67: 1
C68: Integrate code | E68: Thành, Phương, Việt, Tấn | G68: 5 | H68: 5 | I68: 5 | J68: 5 | K68: 5 | L68: 5 | M68: 5 | N68: 5 | O68: 5 | P68: 5 | Q68: 5 | R68: 5 | S68: 5 | T68: 5 | U68: 5 | V68: 5 | W68: 0 | X68: 0 | Y68: 0 | Z68: 0 | AA68: 0 | AB68: 0 | AC68: 0 | AD68: 0
B69: Testing | C69: Kiểm thử xem chi tiết đơn hàng | E69: Nữ | G69: 2 | H69: 2 | I69: 2 | J69: 2 | K69: 2 | L69: 2 | M69: 2 | N69: 2 | O69: 2 | P69: 2 | Q69: 2 | R69: 2 | S69: 2 | T69: 2 | U69: 2 | V69: 2 | W69: 0 | X69: 0 | Y69: 0 | Z69: 0 | AA69: 0 | AB69: 0 | AC69: 0 | AD69: 0
C70: Kiểm thử xem lịch sử đơn hàng | E70: Nữ | G70: 2 | H70: 2 | I70: 2 | J70: 2 | K70: 2 | L70: 2 | M70: 2 | N70: 2 | O70: 2 | P70: 2 | Q70: 2 | R70: 2 | S70: 2 | T70: 2 | U70: 2 | V70: 2 | W70: 0 | X70: 0 | Y70: 0 | Z70: 0 | AA70: 0 | AB70: 0 | AC70: 0 | AD70: 0
C71: Kiểm thử quản lý kho | E71: Nữ | G71: 2 | H71: 2 | I71: 2 | J71: 2 | K71: 2 | L71: 2 | M71: 2 | N71: 2 | O71: 2 | P71: 2 | Q71: 2 | R71: 2 | S71: 2 | T71: 2 | U71: 2 | V71: 2 | W71: 0 | X71: 0 | Y71: 0 | Z71: 0 | AA71: 0 | AB71: 0 | AC71: 0 | AD71: 0
C72: Kiểm thử thống kê báo cáo | E72: Nữ | G72: 2 | H72: 2 | I72: 2 | J72: 2 | K72: 2 | L72: 2 | M72: 2 | N72: 2 | O72: 2 | P72: 2 | Q72: 2 | R72: 2 | S72: 2 | T72: 2 | U72: 2 | V72: 2 | W72: 0 | X72: 0 | Y72: 0 | Z72: 0 | AA72: 0 | AB72: 0 | AC72: 0 | AD72: 0
C73: Kiểm thử đánh giá sản phẩm | E73: Nữ | G73: 1 | H73: 2 | I73: 2 | J73: 2 | K73: 2 | L73: 2 | M73: 2 | N73: 2 | O73: 2 | P73: 2 | Q73: 2 | R73: 2 | S73: 2 | T73: 2 | U73: 2 | V73: 2 | W73: 0 | X73: 0 | Y73: 0 | Z73: 0 | AA73: 0 | AB73: 0 | AC73: 0 | AD73: 0
W74: 2
C75: Kiểm thử quản lý khuyến mãi | E75: Nữ | G75: 2 | H75: 2 | I75: 2 | J75: 2 | K75: 2 | L75: 2 | M75: 2 | N75: 2 | O75: 2 | P75: 2 | Q75: 2 | R75: 2 | S75: 2 | T75: 2 | U75: 2 | V75: 2 | W75: 2 | X75: 0 | Y75: 0 | Z75: 0 | AA75: 0 | AB75: 0 | AC75: 0 | AD75: 0
C76: Kiểm thử quản lý voucher | E76: Nữ | G76: 2 | H76: 2 | I76: 2 | J76: 2 | K76: 2 | L76: 2 | M76: 2 | N76: 2 | O76: 2 | P76: 2 | Q76: 2 | R76: 2 | S76: 2 | T76: 2 | U76: 2 | V76: 2 | W76: 2 | X76: 0 | Y76: 0 | Z76: 0 | AA76: 0 | AB76: 0 | AC76: 0 | AD76: 0
C77: Kiểm thử quản lý đơn hàng | E77: Nữ | G77: 2 | H77: 2 | I77: 2 | J77: 2 | K77: 2 | L77: 2 | M77: 2 | N77: 2 | O77: 2 | P77: 2 | Q77: 2 | R77: 2 | S77: 2 | T77: 2 | U77: 2 | V77: 2 | W77: 2 | X77: 0 | Y77: 0 | Z77: 0 | AA77: 0 | AB77: 0 | AC77: 0 | AD77: 0
C78: Kiểm thử quản lý đánh giá | E78: Nữ | G78: 2 | H78: 2 | I78: 2 | J78: 2 | K78: 2 | L78: 2 | M78: 2 | N78: 2 | O78: 2 | P78: 2 | Q78: 2 | R78: 2 | S78: 2 | T78: 2 | U78: 2 | V78: 2 | W78: 2 | X78: 0 | Y78: 0 | Z78: 0 | AA78: 0 | AB78: 0 | AC78: 0 | AD78: 0
C79: Kiểm thử quản lý chatbot | E79: Nữ | G79: 3 | H79: 2 | I79: 2 | J79: 2 | K79: 2 | L79: 2 | M79: 2 | N79: 2 | O79: 2 | P79: 2 | Q79: 2 | R79: 2 | S79: 2 | T79: 2 | U79: 2 | V79: 2 | W79: 2 | X79: 0 | Y79: 0 | Z79: 0 | AA79: 0 | AB79: 0 | AC79: 0 | AD79: 0
X80: 1
B81: Fix Bug | C81: Sửa lỗi xem chi tiết đơn hàng | E81: Việt | G81: 5 | H81: 5 | I81: 5 | J81: 5 | K81: 5 | L81: 5 | M81: 5 | N81: 5 | O81: 5 | P81: 5 | Q81: 5 | R81: 5 | S81: 5 | T81: 5 | U81: 5 | V81: 5 | W81: 5 | X81: 5 | Y81: 0 | Z81: 0 | AA81: 0 | AB81: 0 | AC81: 0 | AD81: 0
C82: Sửa lỗi xem lịch sử đơn hàng | E82: Tấn | G82: 5 | H82: 5 | I82: 5 | J82: 5 | K82: 5 | L82: 5 | M82: 5 | N82: 5 | O82: 5 | P82: 5 | Q82: 5 | R82: 5 | S82: 5 | T82: 5 | U82: 5 | V82: 5 | W82: 5 | X82: 5 | Y82: 0 | Z82: 0 | AA82: 0 | AB82: 0 | AC82: 0 | AD82: 0
C83: Sửa lỗi quản lý kho | E83: Tấn | G83: 5 | H83: 5 | I83: 5 | J83: 5 | K83: 5 | L83: 5 | M83: 5 | N83: 5 | O83: 5 | P83: 5 | Q83: 5 | R83: 5 | S83: 5 | T83: 5 | U83: 5 | V83: 5 | W83: 5 | X83: 5 | Y83: 0 | Z83: 0 | AA83: 0 | AB83: 0 | AC83: 0 | AD83: 0
C84: Sửa lỗi thống kê báo cáo | E84: Phương | G84: 6 | H84: 5 | I84: 5 | J84: 5 | K84: 5 | L84: 5 | M84: 5 | N84: 5 | O84: 5 | P84: 5 | Q84: 5 | R84: 5 | S84: 5 | T84: 5 | U84: 5 | V84: 5 | W84: 5 | X84: 5 | Y84: 0 | Z84: 0 | AA84: 0 | AB84: 0 | AC84: 0 | AD84: 0
Y85: 1
C86: Sửa lỗi đánh giá sản phẩm | E86: Phương | G86: 5 | H86: 5 | I86: 5 | J86: 5 | K86: 5 | L86: 5 | M86: 5 | N86: 5 | O86: 5 | P86: 5 | Q86: 5 | R86: 5 | S86: 5 | T86: 5 | U86: 5 | V86: 5 | W86: 5 | X86: 5 | Y86: 5 | Z86: 0 | AA86: 0 | AB86: 0 | AC86: 0 | AD86: 0
C87: Sửa lỗi quản lý khuyến mãi | E87: Thành | G87: 5 | H87: 5 | I87: 5 | J87: 5 | K87: 5 | L87: 5 | M87: 5 | N87: 5 | O87: 5 | P87: 5 | Q87: 5 | R87: 5 | S87: 5 | T87: 5 | U87: 5 | V87: 5 | W87: 5 | X87: 5 | Y87: 5 | Z87: 0 | AA87: 0 | AB87: 0 | AC87: 0 | AD87: 0
C88: Sửa lỗi quản lý voucher | E88: Thành | G88: 3 | H88: 5 | I88: 5 | J88: 5 | K88: 5 | L88: 5 | M88: 5 | N88: 5 | O88: 5 | P88: 5 | Q88: 5 | R88: 5 | S88: 5 | T88: 5 | U88: 5 | V88: 5 | W88: 5 | X88: 5 | Y88: 5 | Z88: 0 | AA88: 0 | AB88: 0 | AC88: 0 | AD88: 0
Z89: 2
C90: Sửa lỗi quản lý đơn hàng | E90: Tấn | G90: 5 | H90: 5 | I90: 5 | J90: 5 | K90: 5 | L90: 5 | M90: 5 | N90: 5 | O90: 5 | P90: 5 | Q90: 5 | R90: 5 | S90: 5 | T90: 5 | U90: 5 | V90: 5 | W90: 5 | X90: 5 | Y90: 5 | Z90: 5 | AA90: 0 | AB90: 0 | AC90: 0 | AD90: 0
C91: Sửa lỗi quản lý đánh giá | E91: Phương | G91: 5 | H91: 5 | I91: 5 | J91: 5 | K91: 5 | L91: 5 | M91: 5 | N91: 5 | O91: 5 | P91: 5 | Q91: 5 | R91: 5 | S91: 5 | T91: 5 | U91: 5 | V91: 5 | W91: 5 | X91: 5 | Y91: 5 | Z91: 5 | AA91: 0 | AB91: 0 | AC91: 0 | AD91: 0
C92: Sửa lỗi quản lý chatbot | E92: Thành | G92: 5 | H92: 5 | I92: 5 | J92: 5 | K92: 5 | L92: 5 | M92: 5 | N92: 5 | O92: 5 | P92: 5 | Q92: 5 | R92: 5 | S92: 5 | T92: 5 | U92: 5 | V92: 5 | W92: 5 | X92: 5 | Y92: 5 | Z92: 5 | AA92: 0 | AB92: 0 | AC92: 0 | AD92: 0
B93: Re-testing | C93: Kiểm tra xem chi tiết đơn hàng | E93: Nữ | G93: 2 | H93: 2 | I93: 2 | J93: 2 | K93: 2 | L93: 2 | M93: 2 | N93: 2 | O93: 2 | P93: 2 | Q93: 2 | R93: 2 | S93: 2 | T93: 2 | U93: 2 | V93: 2 | W93: 2 | X93: 2 | Y93: 2 | Z93: 2 | AA93: 2 | AB93: 0 | AC93: 0 | AD93: 0
C94: Kiểm tra xem lịch sử đơn hàng | E94: Nữ | G94: 2 | H94: 2 | I94: 2 | J94: 2 | K94: 2 | L94: 2 | M94: 2 | N94: 2 | O94: 2 | P94: 2 | Q94: 2 | R94: 2 | S94: 2 | T94: 2 | U94: 2 | V94: 2 | W94: 2 | X94: 2 | Y94: 2 | Z94: 2 | AA94: 2 | AB94: 0 | AC94: 0 | AD94: 0
C95: Kiểm tra quản lý kho | E95: Nữ | G95: 2 | H95: 2 | I95: 2 | J95: 2 | K95: 2 | L95: 2 | M95: 2 | N95: 2 | O95: 2 | P95: 2 | Q95: 2 | R95: 2 | S95: 2 | T95: 2 | U95: 2 | V95: 2 | W95: 2 | X95: 2 | Y95: 2 | Z95: 2 | AA95: 2 | AB95: 0 | AC95: 0 | AD95: 0
C96: Kiểm tra thống kê báo cáo | E96: Nữ | G96: 2 | H96: 2 | I96: 2 | J96: 2 | K96: 2 | L96: 2 | M96: 2 | N96: 2 | O96: 2 | P96: 2 | Q96: 2 | R96: 2 | S96: 2 | T96: 2 | U96: 2 | V96: 2 | W96: 2 | X96: 2 | Y96: 2 | Z96: 2 | AA96: 2 | AB96: 0 | AC96: 0 | AD96: 0
C97: Kiểm tra đánh giá sản phẩm | E97: Nữ | G97: 2 | H97: 2 | I97: 2 | J97: 2 | K97: 2 | L97: 2 | M97: 2 | N97: 2 | O97: 2 | P97: 2 | Q97: 2 | R97: 2 | S97: 2 | T97: 2 | U97: 2 | V97: 2 | W97: 2 | X97: 2 | Y97: 2 | Z97: 2 | AA97: 2 | AB97: 0 | AC97: 0 | AD97: 0
C98: Kiểm tra quản lý khuyến mãi | E98: Nữ | G98: 3 | H98: 2 | I98: 2 | J98: 2 | K98: 2 | L98: 2 | M98: 2 | N98: 2 | O98: 2 | P98: 2 | Q98: 2 | R98: 2 | S98: 2 | T98: 2 | U98: 2 | V98: 2 | W98: 2 | X98: 2 | Y98: 2 | Z98: 2 | AA98: 2 | AB98: 0 | AC98: 0 | AD98: 0
AC99: 1
C100: Kiểm tra quản lý voucher | E100: Nữ | G100: 2 | H100: 2 | I100: 2 | J100: 2 | K100: 2 | L100: 2 | M100: 2 | N100: 2 | O100: 2 | P100: 2 | Q100: 2 | R100: 2 | S100: 2 | T100: 2 | U100: 2 | V100: 2 | W100: 2 | X100: 2 | Y100: 2 | Z100: 2 | AA100: 2 | AB100: 2 | AC100: 0 | AD100: 0
C101: Kiểm tra quản lý đơn hàng | E101: Nữ | G101: 2 | H101: 2 | I101: 2 | J101: 2 | K101: 2 | L101: 2 | M101: 2 | N101: 2 | O101: 2 | P101: 2 | Q101: 2 | R101: 2 | S101: 2 | T101: 2 | U101: 2 | V101: 2 | W101: 2 | X101: 2 | Y101: 2 | Z101: 2 | AA101: 2 | AB101: 2 | AC101: 0 | AD101: 0
C102: Kiểm tra quản lý đánh giá | E102: Nữ | G102: 2 | H102: 2 | I102: 2 | J102: 2 | K102: 2 | L102: 2 | M102: 2 | N102: 2 | O102: 2 | P102: 2 | Q102: 2 | R102: 2 | S102: 2 | T102: 2 | U102: 2 | V102: 2 | W102: 2 | X102: 2 | Y102: 2 | Z102: 2 | AA102: 2 | AB102: 2 | AC102: 0 | AD102: 0
...

Sheet Sprint 3
A1: Project name: | C1: Xây dựng hệ thống thương mại điện tử mỹ phẩm Hamoni Cosmetic tích hợp Chatbox AI | F1: Kết thúc đúng hạn
A2: Module name: | C2: Sprint 3 | F2: Muộn
A3: Start date: | C3: 22/04/2026 | F3: Trước thời hạn
A4: End date: | C4: 46208
B6: SPRINT 3 REPORT
B7: No | C7: Thành viên | D7: Thực tế | E7: Ước tính
B8: 1 | C8: Nguyễn Công Thành | D8: =SUMIF($E$16:$F$89,"Thành",$G$16:$G$89) +SUMIF($E$16:$F$89,"All team",$G$16:$G$89)/5 +SUMIF($E$16:$F$89,"Thành, Phương, Việt, Tấn",$G$16:$G$89)/4 -> 47.5 | E8: =SUMIF($E$16:$F$89,"Thành",$H$16:$H$89) +SUMIF($E$16:$F$89,"All team",$H$16:$H$89)/5 +SUMIF($E$16:$F$89,"Thành, Phương, Việt, Tấn",$H$16:$H$89)/4 -> 48.5
B9: 2 | C9: Nhan Thị Ngọc Nữ | D9: =SUMIF($E$16:$F$89,"Nữ",$G$16:$G$89) +SUMIF($E$16:$F$89,"All team",$G$16:$G$89)/5 -> 83 | E9: =SUMIF($E$16:$F$89,"Nữ",$H$16:$H$89) +SUMIF($E$16:$F$89,"All team",$H$16:$H$89)/5 -> 83
B10: 3 | C10: Đinh Thị Phương | D10: =SUMIF($E$16:$F$89,"Phương",$G$16:$G$89) +SUMIF($E$16:$F$89,"All team",$G$16:$G$89)/5 +SUMIF($E$16:$F$89,"Thành, Phương, Việt, Tấn",$G$16:$G$89)/4 -> 48.5 | E10: =SUMIF($E$16:$F$89,"Phương",$H$16:$H$89) +SUMIF($E$16:$F$89,"All team",$H$16:$H$89)/5 +SUMIF($E$16:$F$89,"Thành, Phương, Việt, Tấn",$H$16:$H$89)/4 -> 48.5
B11: 4 | C11: Nguyễn Quốc Tấn | D11: =SUMIF($E$16:$F$89,"Tấn",$G$16:$G$89) +SUMIF($E$16:$F$89,"All team",$G$16:$G$89)/5 +SUMIF($E$16:$F$89,"Thành, Phương, Việt, Tấn",$G$16:$G$89)/4 -> 47.5 | E11: =SUMIF($E$16:$F$89,"Tấn",$H$16:$H$89) +SUMIF($E$16:$F$89,"All team",$H$16:$H$89)/5 +SUMIF($E$16:$F$89,"Thành, Phương, Việt, Tấn",$H$16:$H$89)/4 -> 47.5
B12: 5 | C12: Phan Hồ Phi Việt | D12: =SUMIF($E$16:$F$89,"Việt",$G$16:$G$89) +SUMIF($E$16:$F$89,"All team",$G$16:$G$89)/5 +SUMIF($E$16:$F$89,"Thành, Phương, Việt, Tấn",$G$16:$G$89)/4 -> 48.5 | E12: =SUMIF($E$16:$F$89,"Việt",$H$16:$H$89) +SUMIF($E$16:$F$89,"All team",$H$16:$H$89)/5 +SUMIF($E$16:$F$89,"Thành, Phương, Việt, Tấn",$H$16:$H$89)/4 -> 48.5
B13: Tổng | D13: =SUM(D8:D12) -> 275 | E13: =SUM(E8:E12) -> 276
A15: Sprint | B15: Compoment | C15: Task name | E15: Responsible Member | G15: Thực tế | H15: Ước tính | I15: 46134 | J15: 46135 | K15: 46136 | L15: 46137 | M15: 46138 | N15: 46139 | O15: 46140 | P15: 46141 | Q15: 46142 | R15: 46143 | S15: 46144 | T15: 46145 | U15: 46146 | V15: 46147 | W15: 46148 | X15: 46149
A16: Sprint 3 | B16: Họp kế hoạch Sprint | E16: All team | G16: 5 | H16: 5 | I16: 5 | J16: 0 | K16: 0 | L16: 0 | M16: 0 | N16: 0 | O16: 0 | P16: 0 | Q16: 0 | R16: 0 | S16: 0 | T16: 0 | U16: 0 | V16: 0 | W16: 0 | X16: 0
B17: Tạo Sprint Backlog 3 | E17: Việt, Phương | G17: 6 | H17: 5 | I17: 5 | J17: 0 | K17: 0 | L17: 0 | M17: 0 | N17: 0 | O17: 0 | P17: 0 | Q17: 0 | R17: 0 | S17: 0 | T17: 0 | U17: 0 | V17: 0 | W17: 0 | X17: 0
J18: 1 | K18: 0 | L18: 0 | M18: 0 | N18: 0 | O18: 0 | P18: 0 | Q18: 0 | R18: 0 | S18: 0 | T18: 0 | U18: 0 | V18: 0 | W18: 0 | X18: 0
B19: Tạo tài liệu kiểm thử cho Sprint | E19: Nữ | G19: 2 | H19: 2 | I19: 2 | J19: 0 | K19: 0 | L19: 0 | M19: 0 | N19: 0 | O19: 0 | P19: 0 | Q19: 0 | R19: 0 | S19: 0 | T19: 0 | U19: 0 | V19: 0 | W19: 0 | X19: 0
B20: User interface design | C20: Giao diện tìm kiếm | E20: Nữ | G20: 2 | H20: 2 | I20: 2 | J20: 0 | K20: 0 | L20: 0 | M20: 0 | N20: 0 | O20: 0 | P20: 0 | Q20: 0 | R20: 0 | S20: 0 | T20: 0 | U20: 0 | V20: 0 | W20: 0 | X20: 0
C21: Giao diện xem chi tiết sản phẩm | E21: Nữ | G21: 2 | H21: 2 | I21: 2 | J21: 0 | K21: 0 | L21: 0 | M21: 0 | N21: 0 | O21: 0 | P21: 0 | Q21: 0 | R21: 0 | S21: 0 | T21: 0 | U21: 0 | V21: 0 | W21: 0 | X21: 0
C22: Giao diện giỏ hàng | E22: Nữ | G22: 1 | H22: 1 | I22: 1 | J22: 0 | K22: 0 | L22: 0 | M22: 0 | N22: 0 | O22: 0 | P22: 0 | Q22: 0 | R22: 0 | S22: 0 | T22: 0 | U22: 0 | V22: 0 | W22: 0 | X22: 0
C23: Giao diện thanh toán | E23: Nữ | G23: 1 | H23: 1 | I23: 1 | J23: 1 | K23: 0 | L23: 0 | M23: 0 | N23: 0 | O23: 0 | P23: 0 | Q23: 0 | R23: 0 | S23: 0 | T23: 0 | U23: 0 | V23: 0 | W23: 0 | X23: 0
C24: Giao diện quên mật khẩu | E24: Nữ | G24: 1 | H24: 1 | I24: 1 | J24: 1 | K24: 0 | L24: 0 | M24: 0 | N24: 0 | O24: 0 | P24: 0 | Q24: 0 | R24: 0 | S24: 0 | T24: 0 | U24: 0 | V24: 0 | W24: 0 | X24: 0
C25: Giao diện chatbot | E25: Nữ | G25: 1 | H25: 1 | I25: 1 | J25: 1 | K25: 0 | L25: 0 | M25: 0 | N25: 0 | O25: 0 | P25: 0 | Q25: 0 | R25: 0 | S25: 0 | T25: 0 | U25: 0 | V25: 0 | W25: 0 | X25: 0
C26: Giao diện thêm sản phẩm vào giỏ hàng | E26: Nữ | G26: 2 | H26: 1 | I26: 1 | J26: 1 | K26: 0 | L26: 0 | M26: 0 | N26: 0 | O26: 0 | P26: 0 | Q26: 0 | R26: 0 | S26: 0 | T26: 0 | U26: 0 | V26: 0 | W26: 0 | X26: 0
K27: 1 | L27: 0 | M27: 0 | N27: 0 | O27: 0 | P27: 0 | Q27: 0 | R27: 0 | S27: 0 | T27: 0 | U27: 0 | V27: 0 | W27: 0 | X27: 0
C28: Giao diện mua hàng | E28: Nữ | G28: 1 | H28: 1 | I28: 1 | J28: 1 | K28: 1 | L28: 0 | M28: 0 | N28: 0 | O28: 0 | P28: 0 | Q28: 0 | R28: 0 | S28: 0 | T28: 0 | U28: 0 | V28: 0 | W28: 0 | X28: 0
C29: Review all user interfaces of sprint 2 | E29: All team | G29: 5 | H29: 5 | I29: 5 | J29: 5 | K29: 5 | L29: 0 | M29: 0 | N29: 0 | O29: 0 | P29: 0 | Q29: 0 | R29: 0 | S29: 0 | T29: 0 | U29: 0 | V29: 0 | W29: 0 | X29: 0
B30: Design test case | C30: Thiết kế trường kiểm thử cho tìm kiếm | E30: Thành | G30: 1 | H30: 1 | I30: 1 | J30: 1 | K30: 1 | L30: 0 | M30: 0 | N30: 0 | O30: 0 | P30: 0 | Q30: 0 | R30: 0 | S30: 0 | T30: 0 | U30: 0 | V30: 0 | W30: 0 | X30: 0
C31: Thiết kế trường kiểm thử cho xem chi tiết sản phẩm | E31: Tấn | G31: 1 | H31: 1 | I31: 1 | J31: 1 | K31: 1 | L31: 0 | M31: 0 | N31: 0 | O31: 0 | P31: 0 | Q31: 0 | R31: 0 | S31: 0 | T31: 0 | U31: 0 | V31: 0 | W31: 0 | X31: 0
C32: Thiết kế trường kiểm thử cho giỏ hàng | E32: Phương | G32: 1 | H32: 1 | I32: 1 | J32: 1 | K32: 1 | L32: 0 | M32: 0 | N32: 0 | O32: 0 | P32: 0 | Q32: 0 | R32: 0 | S32: 0 | T32: 0 | U32: 0 | V32: 0 | W32: 0 | X32: 0
C33: Thiết kế trường kiểm thử cho thanh toán | E33: Tấn | G33: 2 | H33: 1 | I33: 1 | J33: 1 | K33: 1 | L33: 0 | M33: 0 | N33: 0 | O33: 0 | P33: 0 | Q33: 0 | R33: 0 | S33: 0 | T33: 0 | U33: 0 | V33: 0 | W33: 0 | X33: 0
L34: 1 | M34: 0 | N34: 0 | O34: 0 | P34: 0 | Q34: 0 | R34: 0 | S34: 0 | T34: 0 | U34: 0 | V34: 0 | W34: 0 | X34: 0
C35: Thiết kế trường kiểm thử cho quên mật khẩu | E35: Việt | G35: 1 | H35: 1 | I35: 1 | J35: 1 | K35: 1 | L35: 1 | M35: 0 | N35: 0 | O35: 0 | P35: 0 | Q35: 0 | R35: 0 | S35: 0 | T35: 0 | U35: 0 | V35: 0 | W35: 0 | X35: 0
C36: Thiết kế trường kiểm thử cho chatbot | E36: Thành | G36: 1 | H36: 2 | I36: 2 | J36: 2 | K36: 2 | L36: 2 | M36: 0 | N36: 0 | O36: 0 | P36: 0 | Q36: 0 | R36: 0 | S36: 0 | T36: 0 | U36: 0 | V36: 0 | W36: 0 | X36: 0
M37: 1 | N37: 0 | O37: 0 | P37: 0 | Q37: 0 | R37: 0 | S37: 0 | T37: 0 | U37: 0 | V37: 0 | W37: 0 | X37: 0
C38: Thiết kế trường kiểm thử cho thêm sản phẩm vào giỏ hàng | E38: Phương | G38: 2 | H38: 2 | I38: 2 | J38: 2 | K38: 2 | L38: 2 | M38: 2 | N38: 0 | O38: 0 | P38: 0 | Q38: 0 | R38: 0 | S38: 0 | T38: 0 | U38: 0 | V38: 0 | W38: 0 | X38: 0
C39: Thiết kế trường kiểm thử cho mua hàng | E39: Việt | G39: 2 | H39: 2 | I39: 2 | J39: 2 | K39: 2 | L39: 2 | M39: 2 | N39: 0 | O39: 0 | P39: 0 | Q39: 0 | R39: 0 | S39: 0 | T39: 0 | U39: 0 | V39: 0 | W39: 0 | X39: 0
C40: Review all test case of sprint 1 | E40: All team | G40: 5 | H40: 5 | I40: 5 | J40: 5 | K40: 5 | L40: 5 | M40: 5 | N40: 0 | O40: 0 | P40: 0 | Q40: 0 | R40: 0 | S40: 0 | T40: 0 | U40: 0 | V40: 0 | W40: 0 | X40: 0
B41: Coding | C41: Thiết kê front-end tìm kiếm | E41: Thành | G41: 6 | H41: 6 | I41: 6 | J41: 6 | K41: 6 | L41: 6 | M41: 6 | N41: 0 | O41: 0 | P41: 0 | Q41: 0 | R41: 0 | S41: 0 | T41: 0 | U41: 0 | V41: 0 | W41: 0 | X41: 0
C42: Code back-end tìm kiếm | E42: Thành | G42: 6 | H42: 6 | I42: 6 | J42: 6 | K42: 6 | L42: 6 | M42: 6 | N42: 0 | O42: 0 | P42: 0 | Q42: 0 | R42: 0 | S42: 0 | T42: 0 | U42: 0 | V42: 0 | W42: 0 | X42: 0
C43: Thiết kê front-end giỏ hàng | E43: Phương | G43: 6 | H43: 6 | I43: 6 | J43: 6 | K43: 6 | L43: 6 | M43: 6 | N43: 0 | O43: 0 | P43: 0 | Q43: 0 | R43: 0 | S43: 0 | T43: 0 | U43: 0 | V43: 0 | W43: 0 | X43: 0
C44: Code back-end giỏ hàng | E44: Phương | G44: 6 | H44: 6 | I44: 6 | J44: 6 | K44: 6 | L44: 6 | M44: 6 | N44: 0 | O44: 0 | P44: 0 | Q44: 0 | R44: 0 | S44: 0 | T44: 0 | U44: 0 | V44: 0 | W44: 0 | X44: 0
C45: Thiết kê front-end thanh toán | E45: Tấn | G45: 6 | H45: 6 | I45: 6 | J45: 6 | K45: 6 | L45: 6 | M45: 6 | N45: 6 | O45: 0 | P45: 0 | Q45: 0 | R45: 0 | S45: 0 | T45: 0 | U45: 0 | V45: 0 | W45: 0 | X45: 0
C46: Code back-end thanh toán | E46: Tấn | G46: 5 | H46: 6 | I46: 6 | J46: 6 | K46: 6 | L46: 6 | M46: 6 | N46: 6 | O46: 0 | P46: 0 | Q46: 0 | R46: 0 | S46: 0 | T46: 0 | U46: 0 | V46: 0 | W46: 0 | X46: 0
O47: 1 | P47: 0 | Q47: 0 | R47: 0 | S47: 0 | T47: 0 | U47: 0 | V47: 0 | W47: 0 | X47: 0
C48: Thiết kê front-end quên mật khẩu | E48: Việt | G48: 6 | H48: 6 | I48: 6 | J48: 6 | K48: 6 | L48: 6 | M48: 6 | N48: 6 | O48: 6 | P48: 0 | Q48: 0 | R48: 0 | S48: 0 | T48: 0 | U48: 0 | V48: 0 | W48: 0 | X48: 0
C49: Code back-end quên mật khẩu | E49: Việt | G49: 6 | H49: 6 | I49: 6 | J49: 6 | K49: 6 | L49: 6 | M49: 6 | N49: 6 | O49: 6 | P49: 0 | Q49: 0 | R49: 0 | S49: 0 | T49: 0 | U49: 0 | V49: 0 | W49: 0 | X49: 0
C50: Thiết kê front-end chatbot | E50: Thành | G50: 6 | H50: 6 | I50: 6 | J50: 6 | K50: 6 | L50: 6 | M50: 6 | N50: 6 | O50: 6 | P50: 0 | Q50: 0 | R50: 0 | S50: 0 | T50: 0 | U50: 0 | V50: 0 | W50: 0 | X50: 0
C51: Code back-end chatbot | E51: Thành | G51: 7 | H51: 6 | I51: 6 | J51: 6 | K51: 6 | L51: 6 | M51: 6 | N51: 6 | O51: 6 | P51: 6 | Q51: 0 | R51: 0 | S51: 0 | T51: 0 | U51: 0 | V51: 0 | W51: 0 | X51: 0
Q52: 1 | R52: 0 | S52: 0 | T52: 0 | U52: 0 | V52: 0 | W52: 0 | X52: 0
C53: Thiết kê front-end thêm sản phẩm vào giỏ hàng | E53: Phương | G53: 6 | H53: 6 | I53: 6 | J53: 6 | K53: 6 | L53: 6 | M53: 6 | N53: 6 | O53: 6 | P53: 6 | Q53: 0 | R53: 0 | S53: 0 | T53: 0 | U53: 0 | V53: 0 | W53: 0 | X53: 0
C54: Code back-end thêm sản phẩm vào giỏ hàng | E54: Phương | G54: 5 | H54: 6 | I54: 6 | J54: 6 | K54: 6 | L54: 6 | M54: 6 | N54: 6 | O54: 6 | P54: 6 | Q54: 0 | R54: 0 | S54: 0 | T54: 0 | U54: 0 | V54: 0 | W54: 0 | X54: 0
Q55: 1 | R55: 0 | S55: 0 | T55: 0 | U55: 0 | V55: 0 | W55: 0 | X55: 0
C56: Thiết kê front-end mua hàng | E56: Việt | G56: 6 | H56: 6 | I56: 6 | J56: 6 | K56: 6 | L56: 6 | M56: 6 | N56: 6 | O56: 6 | P56: 6 | Q56: 6 | R56: 0 | S56: 0 | T56: 0 | U56: 0 | V56: 0 | W56: 0 | X56: 0
C57: Code back-end mua hàng | E57: Việt | G57: 6 | H57: 6 | I57: 6 | J57: 6 | K57: 6 | L57: 6 | M57: 6 | N57: 6 | O57: 6 | P57: 6 | Q57: 6 | R57: 0 | S57: 0 | T57: 0 | U57: 0 | V57: 0 | W57: 0 | X57: 0
C58: Thiết kê front-end xem chi tiết sản phẩm | E58: Tấn | G58: 6 | H58: 6 | I58: 6 | J58: 6 | K58: 6 | L58: 6 | M58: 6 | N58: 6 | O58: 6 | P58: 6 | Q58: 6 | R58: 0 | S58: 0 | T58: 0 | U58: 0 | V58: 0 | W58: 0 | X58: 0
C59: Code back-end xem chi tiết sản phẩm | E59: Tấn | G59: 6 | H59: 6 | I59: 6 | J59: 6 | K59: 6 | L59: 6 | M59: 6 | N59: 6 | O59: 6 | P59: 6 | Q59: 6 | R59: 6 | S59: 0 | T59: 0 | U59: 0 | V59: 0 | W59: 0 | X59: 0
C60: Integrate code | E60: Thành, Phương, Việt, Tấn | G60: 10 | H60: 10 | I60: 10 | J60: 10 | K60: 10 | L60: 10 | M60: 10 | N60: 10 | O60: 10 | P60: 10 | Q60: 10 | R60: 10 | S60: 10 | T60: 0 | U60: 0 | V60: 0 | W60: 0 | X60: 0
B61: Testing | C61: Kiểm tra tìm kiếm | E61: Nữ | G61: 5 | H61: 5 | I61: 5 | J61: 5 | K61: 5 | L61: 5 | M61: 5 | N61: 5 | O61: 5 | P61: 5 | Q61: 5 | R61: 5 | S61: 5 | T61: 0 | U61: 0 | V61: 0 | W61: 0 | X61: 0
C62: Kiểm tra xem chi tiết sản phẩm | E62: Nữ | G62: 5 | H62: 5 | I62: 5 | J62: 5 | K62: 5 | L62: 5 | M62: 5 | N62: 5 | O62: 5 | P62: 5 | Q62: 5 | R62: 5 | S62: 5 | T62: 0 | U62: 0 | V62: 0 | W62: 0 | X62: 0
C63: Kiểm tra giỏ hàng | E63: Nữ | G63: 4 | H63: 5 | I63: 5 | J63: 5 | K63: 5 | L63: 5 | M63: 5 | N63: 5 | O63: 5 | P63: 5 | Q63: 5 | R63: 5 | S63: 5 | T63: 0 | U63: 0 | V63: 0 | W63: 0 | X63: 0
T64: 1 | U64: 0 | V64: 0 | W64: 0 | X64: 0
C65: Kiểm tra thanh toán | E65: Nữ | G65: 5 | H65: 5 | I65: 5 | J65: 5 | K65: 5 | L65: 5 | M65: 5 | N65: 5 | O65: 5 | P65: 5 | Q65: 5 | R65: 5 | S65: 5 | T65: 5 | U65: 0 | V65: 0 | W65: 0 | X65: 0
C66: Kiểm tra quên mật khẩu | E66: Nữ | G66: 5 | H66: 5 | I66: 5 | J66: 5 | K66: 5 | L66: 5 | M66: 5 | N66: 5 | O66: 5 | P66: 5 | Q66: 5 | R66: 5 | S66: 5 | T66: 5 | U66: 0 | V66: 0 | W66: 0 | X66: 0
C67: Kiểm tra chatbot | E67: Nữ | G67: 5 | H67: 5 | I67: 5 | J67: 5 | K67: 5 | L67: 5 | M67: 5 | N67: 5 | O67: 5 | P67: 5 | Q67: 5 | R67: 5 | S67: 5 | T67: 5 | U67: 5 | V67: 0 | W67: 0 | X67: 0
C68: Kiểm tra thêm sản phẩm vào giỏ hàng | E68: Nữ | G68: 5 | H68: 5 | I68: 5 | J68: 5 | K68: 5 | L68: 5 | M68: 5 | N68: 5 | O68: 5 | P68: 5 | Q68: 5 | R68: 5 | S68: 5 | T68: 5 | U68: 5 | V68: 0 | W68: 0 | X68: 0
C69: Kiểm tra mua hàng | E69: Nữ | G69: 5 | H69: 5 | I69: 5 | J69: 5 | K69: 5 | L69: 5 | M69: 5 | N69: 5 | O69: 5 | P69: 5 | Q69: 5 | R69: 5 | S69: 5 | T69: 5 | U69: 5 | V69: 0 | W69: 0 | X69: 0
B70: Fix Bug | C70: Sửa lỗi tìm kiếm | E70: Thành | G70: 6 | H70: 6 | I70: 6 | J70: 6 | K70: 6 | L70: 6 | M70: 6 | N70: 6 | O70: 6 | P70: 6 | Q70: 6 | R70: 6 | S70: 6 | T70: 6 | U70: 6 | V70: 0 | W70: 0 | X70: 0
C71: Sửa lỗi xem chi tiết sản phẩm | E71: Tấn | G71: 6 | H71: 6 | I71: 6 | J71: 6 | K71: 6 | L71: 6 | M71: 6 | N71: 6 | O71: 6 | P71: 6 | Q71: 6 | R71: 6 | S71: 6 | T71: 6 | U71: 6 | V71: 0 | W71: 0 | X71: 0
C72: Sửa lỗi giỏ hàng | E72: Phương | G72: 6 | H72: 6 | I72: 6 | J72: 6 | K72: 6 | L72: 6 | M72: 6 | N72: 6 | O72: 6 | P72: 6 | Q72: 6 | R72: 6 | S72: 6 | T72: 6 | U72: 6 | V72: 0 | W72: 0 | X72: 0
C73: Sửa lỗi thanh toán | E73: Tấn | G73: 6 | H73: 6 | I73: 6 | J73: 6 | K73: 6 | L73: 6 | M73: 6 | N73: 6 | O73: 6 | P73: 6 | Q73: 6 | R73: 6 | S73: 6 | T73: 6 | U73: 6 | V73: 0 | W73: 0 | X73: 0
C74: Sửa lỗi quên mật khẩu | E74: Việt | G74: 6 | H74: 6 | I74: 6 | J74: 6 | K74: 6 | L74: 6 | M74: 6 | N74: 6 | O74: 6 | P74: 6 | Q74: 6 | R74: 6 | S74: 6 | T74: 6 | U74: 6 | V74: 0 | W74: 0 | X74: 0
C75: Sửa lỗi chatbot | E75: Thành | G75: 5 | H75: 6 | I75: 6 | J75: 6 | K75: 6 | L75: 6 | M75: 6 | N75: 6 | O75: 6 | P75: 6 | Q75: 6 | R75: 6 | S75: 6 | T75: 6 | U75: 6 | V75: 0 | W75: 0 | X75: 0
V76: 1 | W76: 0 | X76: 0
C77: Sửa lỗi thêm sản phẩm vào giỏ hàng | E77: Phương | G77: 7 | H77: 6 | I77: 6 | J77: 6 | K77: 6 | L77: 6 | M77: 6 | N77: 6 | O77: 6 | P77: 6 | Q77: 6 | R77: 6 | S77: 6 | T77: 6 | U77: 6 | V77: 0 | W77: 0 | X77: 0
V78: 1 | W78: 0 | X78: 0
C79: Sửa lỗi mua hàng | E79: Việt | G79: 6 | H79: 6 | I79: 6 | J79: 6 | K79: 6 | L79: 6 | M79: 6 | N79: 6 | O79: 6 | P79: 6 | Q79: 6 | R79: 6 | S79: 6 | T79: 6 | U79: 6 | V79: 6 | W79: 0 | X79: 0
B80: Re-testing | C80: Kiểm tra tìm kiếm | E80: Nữ | G80: 3 | H80: 3 | I80: 3 | J80: 3 | K80: 3 | L80: 3 | M80: 3 | N80: 3 | O80: 3 | P80: 3 | Q80: 3 | R80: 3 | S80: 3 | T80: 3 | U80: 3 | V80: 3 | W80: 0 | X80: 0
C81: Kiểm tra xem chi tiết sản phẩm | E81: Nữ | G81: 3 | H81: 3 | I81: 3 | J81: 3 | K81: 3 | L81: 3 | M81: 3 | N81: 3 | O81: 3 | P81: 3 | Q81: 3 | R81: 3 | S81: 3 | T81: 3 | U81: 3 | V81: 3 | W81: 0 | X81: 0
C82: Kiểm tra giỏ hàng | E82: Nữ | G82: 3 | H82: 3 | I82: 3 | J82: 3 | K82: 3 | L82: 3 | M82: 3 | N82: 3 | O82: 3 | P82: 3 | Q82: 3 | R82: 3 | S82: 3 | T82: 3 | U82: 3 | V82: 3 | W82: 0 | X82: 0
C83: Kiểm tra thanh toán | E83: Nữ | G83: 3 | H83: 3 | I83: 3 | J83: 3 | K83: 3 | L83: 3 | M83: 3 | N83: 3 | O83: 3 | P83: 3 | Q83: 3 | R83: 3 | S83: 3 | T83: 3 | U83: 3 | V83: 3 | W83: 3 | X83: 0
C84: Kiểm tra quên mật khẩu | E84: Nữ | G84: 3 | H84: 3 | I84: 3 | J84: 3 | K84: 3 | L84: 3 | M84: 3 | N84: 3 | O84: 3 | P84: 3 | Q84: 3 | R84: 3 | S84: 3 | T84: 3 | U84: 3 | V84: 3 | W84: 3 | X84: 0
C85: Kiểm tra chatbot | E85: Nữ | G85: 3 | H85: 3 | I85: 3 | J85: 3 | K85: 3 | L85: 3 | M85: 3 | N85: 3 | O85: 3 | P85: 3 | Q85: 3 | R85: 3 | S85: 3 | T85: 3 | U85: 3 | V85: 3 | W85: 3 | X85: 0
C86: Kiểm tra thêm sản phẩm vào giỏ hàng | E86: Nữ | G86: 3 | H86: 3 | I86: 3 | J86: 3 | K86: 3 | L86: 3 | M86: 3 | N86: 3 | O86: 3 | P86: 3 | Q86: 3 | R86: 3 | S86: 3 | T86: 3 | U86: 3 | V86: 3 | W86: 3 | X86: 0
C87: Kiểm tra mua hàng | E87: Nữ | G87: 3 | H87: 3 | I87: 3 | J87: 3 | K87: 3 | L87: 3 | M87: 3 | N87: 3 | O87: 3 | P87: 3 | Q87: 3 | R87: 3 | S87: 3 | T87: 3 | U87: 3 | V87: 3 | W87: 3 | X87: 0
B88: Release Sprint 1 | C88: Sprint 3 review meeting | E88: All team | G88: 10 | H88: 10 | I88: 10 | J88: 10 | K88: 10 | L88: 10 | M88: 10 | N88: 10 | O88: 10 | P88: 10 | Q88: 10 | R88: 10 | S88: 10 | T88: 10 | U88: 10 | V88: 10 | W88: 10 | X88: 0
C89: Sprint 3 retrospective | E89: All team | G89: 10 | H89: 10 | I89: 10 | J89: 10 | K89: 10 | L89: 10 | M89: 10 | N89: 10 | O89: 10 | P89: 10 | Q89: 10 | R89: 10 | S89: 10 | T89: 10 | U89: 10 | V89: 10 | W89: 10 | X89: 0
B90: Tổng | E90: Thực tế | G90: =SUM(G16:G89) -> 281 | H90: =SUM(H16:H89) -> 281 | I90: =SUM(I16:I89) -> 281 | J90: =SUM(J16:J89)-J18 -> 264 | K90: =SUM(K16:K89)-K27 -> 260 | L90: =SUM(L16:L89)-L34 -> 250 | M90: =SUM(M16:M89)+M37 -> 249 | N90: =SUM(N16:N89) -> 214 | O90: =SUM(O16:O89)+O47 -> 204 | P90: =SUM(P16:P89) -> 184 | Q90: =SUM(Q16:Q89)-Q52+Q55 -> 168 | R90: =SUM(R16:R89) -> 148 | S90: =SUM(S16:S89) -> 142 | T90: =SUM(T16:T89)+T64 -> 119 | U90: =SUM(U16:U89) -> 107 | V90: =SUM(V16:V89)-V78+V76 -> 52 | W90: =SUM(W16:W89) -> 35 | X90: =SUM(X16:X89)-X69 -> 0
E91: Ước tính | G91: =SUM(G16:G89) -> 281 | H91: =SUM(H16:H89) -> 281 | I91: =SUM(I16:I89) -> 281 | J91: =SUM(J16:J89) -> 265 | K91: =SUM(K16:K89) -> 261 | L91: =SUM(L16:L89) -> 251 | M91: =SUM(M16:M89) -> 248 | N91: =SUM(N16:N89) -> 214 | ... X91: =SUM(X16:X89) -> 0

Sheet Total
A1: SPRINT BACKLOG REPORT
B2: Thành | D2: Nữ | F2: Phương | H2: Tấn | J2: Việt
B3: Thực tế | C3: Ước tính | D3: Thực tế | E3: Ước tính | F3: Thực tế | G3: Ước tính | H3: Thực tế | I3: Ước tính | J3: Thực tế | K3: Ước tính
A4: Sprint 1 | B4: ='Sprint 1'!$D$8 -> 34.25 | C4: ='Sprint 1'!$E$8 -> 39.25 | D4: ='Sprint 1'!$D$9 -> 54 | E4: ='Sprint 1'!$E$9 -> 52 | F4: ='Sprint 1'!$D$10 -> 29.25 | G4: ='Sprint 1'!$E$10 -> 25.25 | H4: ='Sprint 1'!$D$11 -> 19.25 | I4: ='Sprint 1'!$E$11 -> 19.25 | J4: ='Sprint 1'!$D$12 -> 39.25 | K4: ='Sprint 1'!$E$12 -> 37.25
A5: Sprint 2 | B5: ='Sprint 2'!$D$8 -> 58.25 | C5: ='Sprint 2'!$E$8 -> 59.25 | D5: ='Sprint 2'!$D$9 -> 58 | E5: ='Sprint 2'!$E$9 -> 56 | F5: ='Sprint 2'!$D$10 -> 50.25 | G5: ='Sprint 2'!$E$10 -> 49.25 | H5: ='Sprint 2'!$D$11 -> 54.25 | I5: ='Sprint 2'!$E$11 -> 54.25 | J5: ='Sprint 2'!$D$12 -> 22.25 | K5: ='Sprint 2'!$E$12 -> 22.25
A6: Sprint 3 | B6: ='Sprint 3'!$D$8 -> 47.5 | C6: ='Sprint 3'!$E$8 -> 48.5 | D6: ='Sprint 3'!$D$9 -> 83 | E6: ='Sprint 3'!$E$9 -> 83 | F6: ='Sprint 3'!$D$10 -> 48.5 | G6: ='Sprint 3'!$E$10 -> 48.5 | H6: ='Sprint 3'!$D$11 -> 47.5 | I6: ='Sprint 3'!$E$11 -> 47.5 | J6: ='Sprint 3'!$D$12 -> 48.5 | K6: ='Sprint 3'!$E$12 -> 48.5
A7: Tổng | B7: =SUM(B4:B6) -> 140 | C7: =SUM(C4:C6) -> 147 | D7: =SUM(D4:D6) -> 195 | E7: =SUM(E4:E6) -> 191 | F7: =SUM(F4:F6) -> 128 | G7: =SUM(G4:G6) -> 123 | H7: =SUM(H4:H6) -> 121 | I7: =SUM(I4:I6) -> 121 | ... K7: =SUM(K4:K6) -> 108
E10: FINAL TOTAL
E11: Thực tế | F11: =SUMIF($B$3:$K$3,"Thực tế",$B$7:$K$7) -> 694
E12: Ước tính | F12: =SUMIF($B$3:$K$3,"Ước tính",$B$7:$K$7) -> 690
